session,phase,group,repeat,position,method,elapsed_ns,valid,status,cycles,active_outer_cycles,active_predictors,residual,error,F,J,LU,solves,matvecs,scales,platform
20260927T183404_198055Z,initial,external6_H1_n20_d0p30_e50,0,0,P5,307056900,True,converged,2,1,1,1.01183442308761622921042981610e-72,2.53354508968791568420391720902e-73,11,2,2,11,0,0,AMD
20260927T183404_198055Z,initial,external6_H1_n20_d0p30_e50,0,1,M6,299308300,True,converged,2,0,0,4.17278382746081118277547541335e-64,9.94014933220124110399129656992e-65,7,4,2,10,4,80,AMD
20260927T183404_198055Z,initial,external6_H1_n20_d0p30_e50,1,0,M6,299499700,True,converged,2,0,0,4.17278382746081118277547541335e-64,9.94014933220124110399129656992e-65,7,4,2,10,4,80,AMD
20260927T183404_198055Z,initial,external6_H1_n20_d0p30_e50,1,1,P5,312289700,True,converged,2,1,1,1.01183442308761622921042981610e-72,2.53354508968791568420391720902e-73,11,2,2,11,0,0,AMD
20260927T183404_198055Z,initial,external6_H1_n20_d0p30_e50,2,0,P5,306777700,True,converged,2,1,1,1.01183442308761622921042981610e-72,2.53354508968791568420391720902e-73,11,2,2,11,0,0,AMD
20260927T183404_198055Z,initial,external6_H1_n20_d0p30_e50,2,1,M6,295774100,True,converged,2,0,0,4.17278382746081118277547541335e-64,9.94014933220124110399129656992e-65,7,4,2,10,4,80,AMD
20260927T183404_198055Z,initial,external6_H1_n20_d0p30_e50,3,0,P5,305168600,True,converged,2,1,1,1.01183442308761622921042981610e-72,2.53354508968791568420391720902e-73,11,2,2,11,0,0,AMD
20260927T183404_198055Z,initial,external6_H1_n20_d0p30_e50,3,1,M6,296916900,True,converged,2,0,0,4.17278382746081118277547541335e-64,9.94014933220124110399129656992e-65,7,4,2,10,4,80,AMD
20260927T183404_198055Z,initial,external6_H1_n20_d0p30_e50,4,0,P5,308499100,True,converged,2,1,1,1.01183442308761622921042981610e-72,2.53354508968791568420391720902e-73,11,2,2,11,0,0,AMD
20260927T183404_198055Z,initial,external6_H1_n20_d0p30_e50,4,1,M6,299413000,True,converged,2,0,0,4.17278382746081118277547541335e-64,9.94014933220124110399129656992e-65,7,4,2,10,4,80,AMD
20260927T183404_198055Z,initial,external6_H1_n20_d0p30_e50,5,0,P5,329629700,True,converged,2,1,1,1.01183442308761622921042981610e-72,2.53354508968791568420391720902e-73,11,2,2,11,0,0,AMD
20260927T183404_198055Z,initial,external6_H1_n20_d0p30_e50,5,1,M6,314532300,True,converged,2,0,0,4.17278382746081118277547541335e-64,9.94014933220124110399129656992e-65,7,4,2,10,4,80,AMD
20260927T183404_198055Z,initial,external6_H1_n20_d0p30_e50,6,0,P5,317324700,True,converged,2,1,1,1.01183442308761622921042981610e-72,2.53354508968791568420391720902e-73,11,2,2,11,0,0,AMD
20260927T183404_198055Z,initial,external6_H1_n20_d0p30_e50,6,1,M6,302481900,True,converged,2,0,0,4.17278382746081118277547541335e-64,9.94014933220124110399129656992e-65,7,4,2,10,4,80,AMD
20260927T183404_198055Z,initial,external6_H1_n20_d0p30_e50,7,0,M6,300250600,True,converged,2,0,0,4.17278382746081118277547541335e-64,9.94014933220124110399129656992e-65,7,4,2,10,4,80,AMD
20260927T183404_198055Z,initial,external6_H1_n20_d0p30_e50,7,1,P5,307129500,True,converged,2,1,1,1.01183442308761622921042981610e-72,2.53354508968791568420391720902e-73,11,2,2,11,0,0,AMD
20260927T183404_198055Z,initial,external6_H1_n20_d0p30_e50,8,0,P5,307206000,True,converged,2,1,1,1.01183442308761622921042981610e-72,2.53354508968791568420391720902e-73,11,2,2,11,0,0,AMD
20260927T183404_198055Z,initial,external6_H1_n20_d0p30_e50,8,1,M6,296677200,True,converged,2,0,0,4.17278382746081118277547541335e-64,9.94014933220124110399129656992e-65,7,4,2,10,4,80,AMD
20260927T183404_198055Z,initial,external6_H1_n20_d0p30_e50,9,0,M6,298899800,True,converged,2,0,0,4.17278382746081118277547541335e-64,9.94014933220124110399129656992e-65,7,4,2,10,4,80,AMD
20260927T183404_198055Z,initial,external6_H1_n20_d0p30_e50,9,1,P5,307070300,True,converged,2,1,1,1.01183442308761622921042981610e-72,2.53354508968791568420391720902e-73,11,2,2,11,0,0,AMD
20260927T183404_198055Z,initial,external6_H1_n20_d0p30_e50,10,0,M6,299367800,True,converged,2,0,0,4.17278382746081118277547541335e-64,9.94014933220124110399129656992e-65,7,4,2,10,4,80,AMD
20260927T183404_198055Z,initial,external6_H1_n20_d0p30_e50,10,1,P5,306045700,True,converged,2,1,1,1.01183442308761622921042981610e-72,2.53354508968791568420391720902e-73,11,2,2,11,0,0,AMD
20260927T183404_198055Z,initial,external6_H1_n20_d0p30_e50,11,0,P5,306176200,True,converged,2,1,1,1.01183442308761622921042981610e-72,2.53354508968791568420391720902e-73,11,2,2,11,0,0,AMD
20260927T183404_198055Z,initial,external6_H1_n20_d0p30_e50,11,1,M6,296810000,True,converged,2,0,0,4.17278382746081118277547541335e-64,9.94014933220124110399129656992e-65,7,4,2,10,4,80,AMD
20260927T183404_198055Z,initial,external6_H1_n20_d0p30_e50,12,0,M6,302180000,True,converged,2,0,0,4.17278382746081118277547541335e-64,9.94014933220124110399129656992e-65,7,4,2,10,4,80,AMD
20260927T183404_198055Z,initial,external6_H1_n20_d0p30_e50,12,1,P5,312681200,True,converged,2,1,1,1.01183442308761622921042981610e-72,2.53354508968791568420391720902e-73,11,2,2,11,0,0,AMD
20260927T183404_198055Z,initial,external6_H1_n20_d0p30_e50,13,0,P5,314290500,True,converged,2,1,1,1.01183442308761622921042981610e-72,2.53354508968791568420391720902e-73,11,2,2,11,0,0,AMD
20260927T183404_198055Z,initial,external6_H1_n20_d0p30_e50,13,1,M6,302210600,True,converged,2,0,0,4.17278382746081118277547541335e-64,9.94014933220124110399129656992e-65,7,4,2,10,4,80,AMD
20260927T183404_198055Z,initial,external6_H1_n20_d0p30_e50,14,0,P5,322295900,True,converged,2,1,1,1.01183442308761622921042981610e-72,2.53354508968791568420391720902e-73,11,2,2,11,0,0,AMD
20260927T183404_198055Z,initial,external6_H1_n20_d0p30_e50,14,1,M6,302764800,True,converged,2,0,0,4.17278382746081118277547541335e-64,9.94014933220124110399129656992e-65,7,4,2,10,4,80,AMD
20260930T230949_519677Z,extension,external6_H1_n20_d0p30_e50,15,0,M6,304897100,True,converged,2,0,0,4.17278382746081118277547541335e-64,9.94014933220124110399129656992e-65,7,4,2,10,4,80,AMD
20260930T230949_519677Z,extension,external6_H1_n20_d0p30_e50,15,1,P5,327551900,True,converged,2,1,1,1.01183442308761622921042981610e-72,2.53354508968791568420391720902e-73,11,2,2,11,0,0,AMD
20260930T230949_519677Z,extension,external6_H1_n20_d0p30_e50,16,0,P5,309288600,True,converged,2,1,1,1.01183442308761622921042981610e-72,2.53354508968791568420391720902e-73,11,2,2,11,0,0,AMD
20260930T230949_519677Z,extension,external6_H1_n20_d0p30_e50,16,1,M6,309551000,True,converged,2,0,0,4.17278382746081118277547541335e-64,9.94014933220124110399129656992e-65,7,4,2,10,4,80,AMD
20260930T230949_519677Z,extension,external6_H1_n20_d0p30_e50,17,0,P5,311508600,True,converged,2,1,1,1.01183442308761622921042981610e-72,2.53354508968791568420391720902e-73,11,2,2,11,0,0,AMD
20260930T230949_519677Z,extension,external6_H1_n20_d0p30_e50,17,1,M6,304366000,True,converged,2,0,0,4.17278382746081118277547541335e-64,9.94014933220124110399129656992e-65,7,4,2,10,4,80,AMD
20260930T230949_519677Z,extension,external6_H1_n20_d0p30_e50,18,0,M6,304271800,True,converged,2,0,0,4.17278382746081118277547541335e-64,9.94014933220124110399129656992e-65,7,4,2,10,4,80,AMD
20260930T230949_519677Z,extension,external6_H1_n20_d0p30_e50,18,1,P5,306268800,True,converged,2,1,1,1.01183442308761622921042981610e-72,2.53354508968791568420391720902e-73,11,2,2,11,0,0,AMD
20260930T230949_519677Z,extension,external6_H1_n20_d0p30_e50,19,0,P5,315402900,True,converged,2,1,1,1.01183442308761622921042981610e-72,2.53354508968791568420391720902e-73,11,2,2,11,0,0,AMD
20260930T230949_519677Z,extension,external6_H1_n20_d0p30_e50,19,1,M6,317262200,True,converged,2,0,0,4.17278382746081118277547541335e-64,9.94014933220124110399129656992e-65,7,4,2,10,4,80,AMD
20260930T230949_519677Z,extension,external6_H1_n20_d0p30_e50,20,0,P5,329395700,True,converged,2,1,1,1.01183442308761622921042981610e-72,2.53354508968791568420391720902e-73,11,2,2,11,0,0,AMD
20260930T230949_519677Z,extension,external6_H1_n20_d0p30_e50,20,1,M6,316897100,True,converged,2,0,0,4.17278382746081118277547541335e-64,9.94014933220124110399129656992e-65,7,4,2,10,4,80,AMD
20260930T230949_519677Z,extension,external6_H1_n20_d0p30_e50,21,0,M6,302616300,True,converged,2,0,0,4.17278382746081118277547541335e-64,9.94014933220124110399129656992e-65,7,4,2,10,4,80,AMD
20260930T230949_519677Z,extension,external6_H1_n20_d0p30_e50,21,1,P5,309213200,True,converged,2,1,1,1.01183442308761622921042981610e-72,2.53354508968791568420391720902e-73,11,2,2,11,0,0,AMD
20260930T230949_519677Z,extension,external6_H1_n20_d0p30_e50,22,0,P5,313643400,True,converged,2,1,1,1.01183442308761622921042981610e-72,2.53354508968791568420391720902e-73,11,2,2,11,0,0,AMD
20260930T230949_519677Z,extension,external6_H1_n20_d0p30_e50,22,1,M6,302215600,True,converged,2,0,0,4.17278382746081118277547541335e-64,9.94014933220124110399129656992e-65,7,4,2,10,4,80,AMD
20260930T230949_519677Z,extension,external6_H1_n20_d0p30_e50,23,0,P5,314066700,True,converged,2,1,1,1.01183442308761622921042981610e-72,2.53354508968791568420391720902e-73,11,2,2,11,0,0,AMD
20260930T230949_519677Z,extension,external6_H1_n20_d0p30_e50,23,1,M6,304378200,True,converged,2,0,0,4.17278382746081118277547541335e-64,9.94014933220124110399129656992e-65,7,4,2,10,4,80,AMD
20260930T230949_519677Z,extension,external6_H1_n20_d0p30_e50,24,0,M6,304959000,True,converged,2,0,0,4.17278382746081118277547541335e-64,9.94014933220124110399129656992e-65,7,4,2,10,4,80,AMD
20260930T230949_519677Z,extension,external6_H1_n20_d0p30_e50,24,1,P5,307041900,True,converged,2,1,1,1.01183442308761622921042981610e-72,2.53354508968791568420391720902e-73,11,2,2,11,0,0,AMD
20260930T230949_519677Z,extension,external6_H1_n20_d0p30_e50,25,0,M6,305373700,True,converged,2,0,0,4.17278382746081118277547541335e-64,9.94014933220124110399129656992e-65,7,4,2,10,4,80,AMD
20260930T230949_519677Z,extension,external6_H1_n20_d0p30_e50,25,1,P5,316628400,True,converged,2,1,1,1.01183442308761622921042981610e-72,2.53354508968791568420391720902e-73,11,2,2,11,0,0,AMD
20260930T230949_519677Z,extension,external6_H1_n20_d0p30_e50,26,0,P5,315321700,True,converged,2,1,1,1.01183442308761622921042981610e-72,2.53354508968791568420391720902e-73,11,2,2,11,0,0,AMD
20260930T230949_519677Z,extension,external6_H1_n20_d0p30_e50,26,1,M6,306459200,True,converged,2,0,0,4.17278382746081118277547541335e-64,9.94014933220124110399129656992e-65,7,4,2,10,4,80,AMD
20260930T230949_519677Z,extension,external6_H1_n20_d0p30_e50,27,0,M6,302739300,True,converged,2,0,0,4.17278382746081118277547541335e-64,9.94014933220124110399129656992e-65,7,4,2,10,4,80,AMD
20260930T230949_519677Z,extension,external6_H1_n20_d0p30_e50,27,1,P5,312755500,True,converged,2,1,1,1.01183442308761622921042981610e-72,2.53354508968791568420391720902e-73,11,2,2,11,0,0,AMD
20260930T230949_519677Z,extension,external6_H1_n20_d0p30_e50,28,0,M6,303491400,True,converged,2,0,0,4.17278382746081118277547541335e-64,9.94014933220124110399129656992e-65,7,4,2,10,4,80,AMD
20260930T230949_519677Z,extension,external6_H1_n20_d0p30_e50,28,1,P5,313266400,True,converged,2,1,1,1.01183442308761622921042981610e-72,2.53354508968791568420391720902e-73,11,2,2,11,0,0,AMD
20260930T230949_519677Z,extension,external6_H1_n20_d0p30_e50,29,0,M6,305521500,True,converged,2,0,0,4.17278382746081118277547541335e-64,9.94014933220124110399129656992e-65,7,4,2,10,4,80,AMD
20260930T230949_519677Z,extension,external6_H1_n20_d0p30_e50,29,1,P5,312266200,True,converged,2,1,1,1.01183442308761622921042981610e-72,2.53354508968791568420391720902e-73,11,2,2,11,0,0,AMD
20260930T230949_519677Z,extension,external6_H1_n20_d0p30_e50,30,0,M6,304742400,True,converged,2,0,0,4.17278382746081118277547541335e-64,9.94014933220124110399129656992e-65,7,4,2,10,4,80,AMD
20260930T230949_519677Z,extension,external6_H1_n20_d0p30_e50,30,1,P5,313837100,True,converged,2,1,1,1.01183442308761622921042981610e-72,2.53354508968791568420391720902e-73,11,2,2,11,0,0,AMD
20260927T184606_935956Z,initial,external6_H1_n20_d0p30_e200,0,0,P5,453370100,True,converged,3,2,2,4.70107814554965291244926950346e-493,1.20454479846690363504744613326e-493,16,3,3,17,0,0,AMD
20260927T184606_935956Z,initial,external6_H1_n20_d0p30_e200,0,1,M6,440282500,True,converged,3,0,0,2.98274671960466973126984674419e-390,7.24738628260703269204971817766e-391,10,6,3,15,6,120,AMD
20260927T184606_935956Z,initial,external6_H1_n20_d0p30_e200,1,0,M6,448925400,True,converged,3,0,0,2.98274671960466973126984674419e-390,7.24738628260703269204971817766e-391,10,6,3,15,6,120,AMD
20260927T184606_935956Z,initial,external6_H1_n20_d0p30_e200,1,1,P5,480349600,True,converged,3,2,2,4.70107814554965291244926950346e-493,1.20454479846690363504744613326e-493,16,3,3,17,0,0,AMD
20260927T184606_935956Z,initial,external6_H1_n20_d0p30_e200,2,0,M6,448916400,True,converged,3,0,0,2.98274671960466973126984674419e-390,7.24738628260703269204971817766e-391,10,6,3,15,6,120,AMD
20260927T184606_935956Z,initial,external6_H1_n20_d0p30_e200,2,1,P5,454892800,True,converged,3,2,2,4.70107814554965291244926950346e-493,1.20454479846690363504744613326e-493,16,3,3,17,0,0,AMD
20260927T184606_935956Z,initial,external6_H1_n20_d0p30_e200,3,0,P5,457993700,True,converged,3,2,2,4.70107814554965291244926950346e-493,1.20454479846690363504744613326e-493,16,3,3,17,0,0,AMD
20260927T184606_935956Z,initial,external6_H1_n20_d0p30_e200,3,1,M6,441066400,True,converged,3,0,0,2.98274671960466973126984674419e-390,7.24738628260703269204971817766e-391,10,6,3,15,6,120,AMD
20260927T184606_935956Z,initial,external6_H1_n20_d0p30_e200,4,0,M6,442958100,True,converged,3,0,0,2.98274671960466973126984674419e-390,7.24738628260703269204971817766e-391,10,6,3,15,6,120,AMD
20260927T184606_935956Z,initial,external6_H1_n20_d0p30_e200,4,1,P5,458573700,True,converged,3,2,2,4.70107814554965291244926950346e-493,1.20454479846690363504744613326e-493,16,3,3,17,0,0,AMD
20260927T184606_935956Z,initial,external6_H1_n20_d0p30_e200,5,0,P5,458242400,True,converged,3,2,2,4.70107814554965291244926950346e-493,1.20454479846690363504744613326e-493,16,3,3,17,0,0,AMD
20260927T184606_935956Z,initial,external6_H1_n20_d0p30_e200,5,1,M6,443742800,True,converged,3,0,0,2.98274671960466973126984674419e-390,7.24738628260703269204971817766e-391,10,6,3,15,6,120,AMD
20260927T184606_935956Z,initial,external6_H1_n20_d0p30_e200,6,0,P5,459217600,True,converged,3,2,2,4.70107814554965291244926950346e-493,1.20454479846690363504744613326e-493,16,3,3,17,0,0,AMD
20260927T184606_935956Z,initial,external6_H1_n20_d0p30_e200,6,1,M6,443236400,True,converged,3,0,0,2.98274671960466973126984674419e-390,7.24738628260703269204971817766e-391,10,6,3,15,6,120,AMD
20260927T184606_935956Z,initial,external6_H1_n20_d0p30_e200,7,0,P5,461137900,True,converged,3,2,2,4.70107814554965291244926950346e-493,1.20454479846690363504744613326e-493,16,3,3,17,0,0,AMD
20260927T184606_935956Z,initial,external6_H1_n20_d0p30_e200,7,1,M6,443038800,True,converged,3,0,0,2.98274671960466973126984674419e-390,7.24738628260703269204971817766e-391,10,6,3,15,6,120,AMD
20260927T184606_935956Z,initial,external6_H1_n20_d0p30_e200,8,0,P5,460693500,True,converged,3,2,2,4.70107814554965291244926950346e-493,1.20454479846690363504744613326e-493,16,3,3,17,0,0,AMD
20260927T184606_935956Z,initial,external6_H1_n20_d0p30_e200,8,1,M6,442246300,True,converged,3,0,0,2.98274671960466973126984674419e-390,7.24738628260703269204971817766e-391,10,6,3,15,6,120,AMD
20260927T184606_935956Z,initial,external6_H1_n20_d0p30_e200,9,0,M6,456461500,True,converged,3,0,0,2.98274671960466973126984674419e-390,7.24738628260703269204971817766e-391,10,6,3,15,6,120,AMD
20260927T184606_935956Z,initial,external6_H1_n20_d0p30_e200,9,1,P5,479865000,True,converged,3,2,2,4.70107814554965291244926950346e-493,1.20454479846690363504744613326e-493,16,3,3,17,0,0,AMD
20260927T184606_935956Z,initial,external6_H1_n20_d0p30_e200,10,0,P5,469770700,True,converged,3,2,2,4.70107814554965291244926950346e-493,1.20454479846690363504744613326e-493,16,3,3,17,0,0,AMD
20260927T184606_935956Z,initial,external6_H1_n20_d0p30_e200,10,1,M6,452227300,True,converged,3,0,0,2.98274671960466973126984674419e-390,7.24738628260703269204971817766e-391,10,6,3,15,6,120,AMD
20260927T184606_935956Z,initial,external6_H1_n20_d0p30_e200,11,0,M6,453796300,True,converged,3,0,0,2.98274671960466973126984674419e-390,7.24738628260703269204971817766e-391,10,6,3,15,6,120,AMD
20260927T184606_935956Z,initial,external6_H1_n20_d0p30_e200,11,1,P5,459779400,True,converged,3,2,2,4.70107814554965291244926950346e-493,1.20454479846690363504744613326e-493,16,3,3,17,0,0,AMD
20260927T184606_935956Z,initial,external6_H1_n20_d0p30_e200,12,0,M6,446765100,True,converged,3,0,0,2.98274671960466973126984674419e-390,7.24738628260703269204971817766e-391,10,6,3,15,6,120,AMD
20260927T184606_935956Z,initial,external6_H1_n20_d0p30_e200,12,1,P5,458214800,True,converged,3,2,2,4.70107814554965291244926950346e-493,1.20454479846690363504744613326e-493,16,3,3,17,0,0,AMD
20260927T184606_935956Z,initial,external6_H1_n20_d0p30_e200,13,0,M6,451958000,True,converged,3,0,0,2.98274671960466973126984674419e-390,7.24738628260703269204971817766e-391,10,6,3,15,6,120,AMD
20260927T184606_935956Z,initial,external6_H1_n20_d0p30_e200,13,1,P5,459203600,True,converged,3,2,2,4.70107814554965291244926950346e-493,1.20454479846690363504744613326e-493,16,3,3,17,0,0,AMD
20260927T184606_935956Z,initial,external6_H1_n20_d0p30_e200,14,0,M6,444462600,True,converged,3,0,0,2.98274671960466973126984674419e-390,7.24738628260703269204971817766e-391,10,6,3,15,6,120,AMD
20260927T184606_935956Z,initial,external6_H1_n20_d0p30_e200,14,1,P5,460177700,True,converged,3,2,2,4.70107814554965291244926950346e-493,1.20454479846690363504744613326e-493,16,3,3,17,0,0,AMD
20260930T231003_880062Z,extension,external6_H1_n20_d0p30_e200,15,0,P5,462907400,True,converged,3,2,2,4.70107814554965291244926950346e-493,1.20454479846690363504744613326e-493,16,3,3,17,0,0,AMD
20260930T231003_880062Z,extension,external6_H1_n20_d0p30_e200,15,1,M6,446223200,True,converged,3,0,0,2.98274671960466973126984674419e-390,7.24738628260703269204971817766e-391,10,6,3,15,6,120,AMD
20260930T231003_880062Z,extension,external6_H1_n20_d0p30_e200,16,0,M6,461397300,True,converged,3,0,0,2.98274671960466973126984674419e-390,7.24738628260703269204971817766e-391,10,6,3,15,6,120,AMD
20260930T231003_880062Z,extension,external6_H1_n20_d0p30_e200,16,1,P5,474645600,True,converged,3,2,2,4.70107814554965291244926950346e-493,1.20454479846690363504744613326e-493,16,3,3,17,0,0,AMD
20260930T231003_880062Z,extension,external6_H1_n20_d0p30_e200,17,0,P5,465067500,True,converged,3,2,2,4.70107814554965291244926950346e-493,1.20454479846690363504744613326e-493,16,3,3,17,0,0,AMD
20260930T231003_880062Z,extension,external6_H1_n20_d0p30_e200,17,1,M6,444754400,True,converged,3,0,0,2.98274671960466973126984674419e-390,7.24738628260703269204971817766e-391,10,6,3,15,6,120,AMD
20260930T231003_880062Z,extension,external6_H1_n20_d0p30_e200,18,0,P5,467849500,True,converged,3,2,2,4.70107814554965291244926950346e-493,1.20454479846690363504744613326e-493,16,3,3,17,0,0,AMD
20260930T231003_880062Z,extension,external6_H1_n20_d0p30_e200,18,1,M6,447155900,True,converged,3,0,0,2.98274671960466973126984674419e-390,7.24738628260703269204971817766e-391,10,6,3,15,6,120,AMD
20260930T231003_880062Z,extension,external6_H1_n20_d0p30_e200,19,0,P5,465634900,True,converged,3,2,2,4.70107814554965291244926950346e-493,1.20454479846690363504744613326e-493,16,3,3,17,0,0,AMD
20260930T231003_880062Z,extension,external6_H1_n20_d0p30_e200,19,1,M6,454063700,True,converged,3,0,0,2.98274671960466973126984674419e-390,7.24738628260703269204971817766e-391,10,6,3,15,6,120,AMD
20260930T231003_880062Z,extension,external6_H1_n20_d0p30_e200,20,0,M6,454465700,True,converged,3,0,0,2.98274671960466973126984674419e-390,7.24738628260703269204971817766e-391,10,6,3,15,6,120,AMD
20260930T231003_880062Z,extension,external6_H1_n20_d0p30_e200,20,1,P5,464886000,True,converged,3,2,2,4.70107814554965291244926950346e-493,1.20454479846690363504744613326e-493,16,3,3,17,0,0,AMD
20260930T231003_880062Z,extension,external6_H1_n20_d0p30_e200,21,0,M6,451521700,True,converged,3,0,0,2.98274671960466973126984674419e-390,7.24738628260703269204971817766e-391,10,6,3,15,6,120,AMD
20260930T231003_880062Z,extension,external6_H1_n20_d0p30_e200,21,1,P5,467025000,True,converged,3,2,2,4.70107814554965291244926950346e-493,1.20454479846690363504744613326e-493,16,3,3,17,0,0,AMD
20260930T231003_880062Z,extension,external6_H1_n20_d0p30_e200,22,0,M6,457337400,True,converged,3,0,0,2.98274671960466973126984674419e-390,7.24738628260703269204971817766e-391,10,6,3,15,6,120,AMD
20260930T231003_880062Z,extension,external6_H1_n20_d0p30_e200,22,1,P5,469826700,True,converged,3,2,2,4.70107814554965291244926950346e-493,1.20454479846690363504744613326e-493,16,3,3,17,0,0,AMD
20260930T231003_880062Z,extension,external6_H1_n20_d0p30_e200,23,0,M6,450234200,True,converged,3,0,0,2.98274671960466973126984674419e-390,7.24738628260703269204971817766e-391,10,6,3,15,6,120,AMD
20260930T231003_880062Z,extension,external6_H1_n20_d0p30_e200,23,1,P5,461674300,True,converged,3,2,2,4.70107814554965291244926950346e-493,1.20454479846690363504744613326e-493,16,3,3,17,0,0,AMD
20260930T231003_880062Z,extension,external6_H1_n20_d0p30_e200,24,0,P5,462004200,True,converged,3,2,2,4.70107814554965291244926950346e-493,1.20454479846690363504744613326e-493,16,3,3,17,0,0,AMD
20260930T231003_880062Z,extension,external6_H1_n20_d0p30_e200,24,1,M6,451633700,True,converged,3,0,0,2.98274671960466973126984674419e-390,7.24738628260703269204971817766e-391,10,6,3,15,6,120,AMD
20260930T231003_880062Z,extension,external6_H1_n20_d0p30_e200,25,0,M6,455098100,True,converged,3,0,0,2.98274671960466973126984674419e-390,7.24738628260703269204971817766e-391,10,6,3,15,6,120,AMD
20260930T231003_880062Z,extension,external6_H1_n20_d0p30_e200,25,1,P5,465444500,True,converged,3,2,2,4.70107814554965291244926950346e-493,1.20454479846690363504744613326e-493,16,3,3,17,0,0,AMD
20260930T231003_880062Z,extension,external6_H1_n20_d0p30_e200,26,0,M6,445409900,True,converged,3,0,0,2.98274671960466973126984674419e-390,7.24738628260703269204971817766e-391,10,6,3,15,6,120,AMD
20260930T231003_880062Z,extension,external6_H1_n20_d0p30_e200,26,1,P5,462792700,True,converged,3,2,2,4.70107814554965291244926950346e-493,1.20454479846690363504744613326e-493,16,3,3,17,0,0,AMD
20260930T231003_880062Z,extension,external6_H1_n20_d0p30_e200,27,0,P5,468814500,True,converged,3,2,2,4.70107814554965291244926950346e-493,1.20454479846690363504744613326e-493,16,3,3,17,0,0,AMD
20260930T231003_880062Z,extension,external6_H1_n20_d0p30_e200,27,1,M6,451718800,True,converged,3,0,0,2.98274671960466973126984674419e-390,7.24738628260703269204971817766e-391,10,6,3,15,6,120,AMD
20260930T231003_880062Z,extension,external6_H1_n20_d0p30_e200,28,0,P5,455826500,True,converged,3,2,2,4.70107814554965291244926950346e-493,1.20454479846690363504744613326e-493,16,3,3,17,0,0,AMD
20260930T231003_880062Z,extension,external6_H1_n20_d0p30_e200,28,1,M6,442183200,True,converged,3,0,0,2.98274671960466973126984674419e-390,7.24738628260703269204971817766e-391,10,6,3,15,6,120,AMD
20260930T231003_880062Z,extension,external6_H1_n20_d0p30_e200,29,0,P5,456182000,True,converged,3,2,2,4.70107814554965291244926950346e-493,1.20454479846690363504744613326e-493,16,3,3,17,0,0,AMD
20260930T231003_880062Z,extension,external6_H1_n20_d0p30_e200,29,1,M6,437330200,True,converged,3,0,0,2.98274671960466973126984674419e-390,7.24738628260703269204971817766e-391,10,6,3,15,6,120,AMD
20260930T231003_880062Z,extension,external6_H1_n20_d0p30_e200,30,0,M6,445085200,True,converged,3,0,0,2.98274671960466973126984674419e-390,7.24738628260703269204971817766e-391,10,6,3,15,6,120,AMD
20260930T231003_880062Z,extension,external6_H1_n20_d0p30_e200,30,1,P5,475487600,True,converged,3,2,2,4.70107814554965291244926950346e-493,1.20454479846690363504744613326e-493,16,3,3,17,0,0,AMD
20260927T184626_101456Z,initial,external6_H1_n20_d0p30_e800,0,0,P5,553660800,True,converged,4,3,3,0.0,0.0,21,4,4,23,0,0,AMD
20260927T184626_101456Z,initial,external6_H1_n20_d0p30_e800,0,1,M6,576688700,True,converged,4,0,0,7.40860022083588180663126853529e-1301,1.77577826454286375300969246787e-1301,13,8,4,20,8,160,AMD
20260927T184626_101456Z,initial,external6_H1_n20_d0p30_e800,1,0,M6,573299600,True,converged,4,0,0,7.40860022083588180663126853529e-1301,1.77577826454286375300969246787e-1301,13,8,4,20,8,160,AMD
20260927T184626_101456Z,initial,external6_H1_n20_d0p30_e800,1,1,P5,552855800,True,converged,4,3,3,0.0,0.0,21,4,4,23,0,0,AMD
20260927T184626_101456Z,initial,external6_H1_n20_d0p30_e800,2,0,P5,558283700,True,converged,4,3,3,0.0,0.0,21,4,4,23,0,0,AMD
20260927T184626_101456Z,initial,external6_H1_n20_d0p30_e800,2,1,M6,575499600,True,converged,4,0,0,7.40860022083588180663126853529e-1301,1.77577826454286375300969246787e-1301,13,8,4,20,8,160,AMD
20260927T184626_101456Z,initial,external6_H1_n20_d0p30_e800,3,0,P5,551479400,True,converged,4,3,3,0.0,0.0,21,4,4,23,0,0,AMD
20260927T184626_101456Z,initial,external6_H1_n20_d0p30_e800,3,1,M6,570460000,True,converged,4,0,0,7.40860022083588180663126853529e-1301,1.77577826454286375300969246787e-1301,13,8,4,20,8,160,AMD
20260927T184626_101456Z,initial,external6_H1_n20_d0p30_e800,4,0,P5,568957000,True,converged,4,3,3,0.0,0.0,21,4,4,23,0,0,AMD
20260927T184626_101456Z,initial,external6_H1_n20_d0p30_e800,4,1,M6,566617600,True,converged,4,0,0,7.40860022083588180663126853529e-1301,1.77577826454286375300969246787e-1301,13,8,4,20,8,160,AMD
20260927T184626_101456Z,initial,external6_H1_n20_d0p30_e800,5,0,M6,574858400,True,converged,4,0,0,7.40860022083588180663126853529e-1301,1.77577826454286375300969246787e-1301,13,8,4,20,8,160,AMD
20260927T184626_101456Z,initial,external6_H1_n20_d0p30_e800,5,1,P5,549530700,True,converged,4,3,3,0.0,0.0,21,4,4,23,0,0,AMD
20260927T184626_101456Z,initial,external6_H1_n20_d0p30_e800,6,0,P5,555208100,True,converged,4,3,3,0.0,0.0,21,4,4,23,0,0,AMD
20260927T184626_101456Z,initial,external6_H1_n20_d0p30_e800,6,1,M6,572815400,True,converged,4,0,0,7.40860022083588180663126853529e-1301,1.77577826454286375300969246787e-1301,13,8,4,20,8,160,AMD
20260927T184626_101456Z,initial,external6_H1_n20_d0p30_e800,7,0,M6,576481000,True,converged,4,0,0,7.40860022083588180663126853529e-1301,1.77577826454286375300969246787e-1301,13,8,4,20,8,160,AMD
20260927T184626_101456Z,initial,external6_H1_n20_d0p30_e800,7,1,P5,561307500,True,converged,4,3,3,0.0,0.0,21,4,4,23,0,0,AMD
20260927T184626_101456Z,initial,external6_H1_n20_d0p30_e800,8,0,M6,573854200,True,converged,4,0,0,7.40860022083588180663126853529e-1301,1.77577826454286375300969246787e-1301,13,8,4,20,8,160,AMD
20260927T184626_101456Z,initial,external6_H1_n20_d0p30_e800,8,1,P5,548998100,True,converged,4,3,3,0.0,0.0,21,4,4,23,0,0,AMD
20260927T184626_101456Z,initial,external6_H1_n20_d0p30_e800,9,0,M6,577059100,True,converged,4,0,0,7.40860022083588180663126853529e-1301,1.77577826454286375300969246787e-1301,13,8,4,20,8,160,AMD
20260927T184626_101456Z,initial,external6_H1_n20_d0p30_e800,9,1,P5,549320200,True,converged,4,3,3,0.0,0.0,21,4,4,23,0,0,AMD
20260927T184626_101456Z,initial,external6_H1_n20_d0p30_e800,10,0,P5,566114600,True,converged,4,3,3,0.0,0.0,21,4,4,23,0,0,AMD
20260927T184626_101456Z,initial,external6_H1_n20_d0p30_e800,10,1,M6,573195100,True,converged,4,0,0,7.40860022083588180663126853529e-1301,1.77577826454286375300969246787e-1301,13,8,4,20,8,160,AMD
20260927T184626_101456Z,initial,external6_H1_n20_d0p30_e800,11,0,M6,564440400,True,converged,4,0,0,7.40860022083588180663126853529e-1301,1.77577826454286375300969246787e-1301,13,8,4,20,8,160,AMD
20260927T184626_101456Z,initial,external6_H1_n20_d0p30_e800,11,1,P5,553845400,True,converged,4,3,3,0.0,0.0,21,4,4,23,0,0,AMD
20260927T184626_101456Z,initial,external6_H1_n20_d0p30_e800,12,0,M6,574359700,True,converged,4,0,0,7.40860022083588180663126853529e-1301,1.77577826454286375300969246787e-1301,13,8,4,20,8,160,AMD
20260927T184626_101456Z,initial,external6_H1_n20_d0p30_e800,12,1,P5,549306100,True,converged,4,3,3,0.0,0.0,21,4,4,23,0,0,AMD
20260927T184626_101456Z,initial,external6_H1_n20_d0p30_e800,13,0,P5,547931200,True,converged,4,3,3,0.0,0.0,21,4,4,23,0,0,AMD
20260927T184626_101456Z,initial,external6_H1_n20_d0p30_e800,13,1,M6,564853800,True,converged,4,0,0,7.40860022083588180663126853529e-1301,1.77577826454286375300969246787e-1301,13,8,4,20,8,160,AMD
20260927T184626_101456Z,initial,external6_H1_n20_d0p30_e800,14,0,M6,567053400,True,converged,4,0,0,7.40860022083588180663126853529e-1301,1.77577826454286375300969246787e-1301,13,8,4,20,8,160,AMD
20260927T184626_101456Z,initial,external6_H1_n20_d0p30_e800,14,1,P5,545928500,True,converged,4,3,3,0.0,0.0,21,4,4,23,0,0,AMD
20260930T231024_436543Z,extension,external6_H1_n20_d0p30_e800,15,0,P5,556715600,True,converged,4,3,3,0.0,0.0,21,4,4,23,0,0,AMD
20260930T231024_436543Z,extension,external6_H1_n20_d0p30_e800,15,1,M6,574075300,True,converged,4,0,0,7.40860022083588180663126853529e-1301,1.77577826454286375300969246787e-1301,13,8,4,20,8,160,AMD
20260930T231024_436543Z,extension,external6_H1_n20_d0p30_e800,16,0,P5,552127100,True,converged,4,3,3,0.0,0.0,21,4,4,23,0,0,AMD
20260930T231024_436543Z,extension,external6_H1_n20_d0p30_e800,16,1,M6,569078400,True,converged,4,0,0,7.40860022083588180663126853529e-1301,1.77577826454286375300969246787e-1301,13,8,4,20,8,160,AMD
20260930T231024_436543Z,extension,external6_H1_n20_d0p30_e800,17,0,M6,568363200,True,converged,4,0,0,7.40860022083588180663126853529e-1301,1.77577826454286375300969246787e-1301,13,8,4,20,8,160,AMD
20260930T231024_436543Z,extension,external6_H1_n20_d0p30_e800,17,1,P5,559599100,True,converged,4,3,3,0.0,0.0,21,4,4,23,0,0,AMD
20260930T231024_436543Z,extension,external6_H1_n20_d0p30_e800,18,0,P5,561461800,True,converged,4,3,3,0.0,0.0,21,4,4,23,0,0,AMD
20260930T231024_436543Z,extension,external6_H1_n20_d0p30_e800,18,1,M6,577788200,True,converged,4,0,0,7.40860022083588180663126853529e-1301,1.77577826454286375300969246787e-1301,13,8,4,20,8,160,AMD
20260930T231024_436543Z,extension,external6_H1_n20_d0p30_e800,19,0,P5,559596000,True,converged,4,3,3,0.0,0.0,21,4,4,23,0,0,AMD
20260930T231024_436543Z,extension,external6_H1_n20_d0p30_e800,19,1,M6,572744100,True,converged,4,0,0,7.40860022083588180663126853529e-1301,1.77577826454286375300969246787e-1301,13,8,4,20,8,160,AMD
20260930T231024_436543Z,extension,external6_H1_n20_d0p30_e800,20,0,M6,567211200,True,converged,4,0,0,7.40860022083588180663126853529e-1301,1.77577826454286375300969246787e-1301,13,8,4,20,8,160,AMD
20260930T231024_436543Z,extension,external6_H1_n20_d0p30_e800,20,1,P5,547610100,True,converged,4,3,3,0.0,0.0,21,4,4,23,0,0,AMD
20260930T231024_436543Z,extension,external6_H1_n20_d0p30_e800,21,0,P5,554367000,True,converged,4,3,3,0.0,0.0,21,4,4,23,0,0,AMD
20260930T231024_436543Z,extension,external6_H1_n20_d0p30_e800,21,1,M6,572938400,True,converged,4,0,0,7.40860022083588180663126853529e-1301,1.77577826454286375300969246787e-1301,13,8,4,20,8,160,AMD
20260930T231024_436543Z,extension,external6_H1_n20_d0p30_e800,22,0,P5,557434900,True,converged,4,3,3,0.0,0.0,21,4,4,23,0,0,AMD
20260930T231024_436543Z,extension,external6_H1_n20_d0p30_e800,22,1,M6,559763300,True,converged,4,0,0,7.40860022083588180663126853529e-1301,1.77577826454286375300969246787e-1301,13,8,4,20,8,160,AMD
20260930T231024_436543Z,extension,external6_H1_n20_d0p30_e800,23,0,M6,566613900,True,converged,4,0,0,7.40860022083588180663126853529e-1301,1.77577826454286375300969246787e-1301,13,8,4,20,8,160,AMD
20260930T231024_436543Z,extension,external6_H1_n20_d0p30_e800,23,1,P5,544891100,True,converged,4,3,3,0.0,0.0,21,4,4,23,0,0,AMD
20260930T231024_436543Z,extension,external6_H1_n20_d0p30_e800,24,0,P5,543195900,True,converged,4,3,3,0.0,0.0,21,4,4,23,0,0,AMD
20260930T231024_436543Z,extension,external6_H1_n20_d0p30_e800,24,1,M6,591439300,True,converged,4,0,0,7.40860022083588180663126853529e-1301,1.77577826454286375300969246787e-1301,13,8,4,20,8,160,AMD
20260930T231024_436543Z,extension,external6_H1_n20_d0p30_e800,25,0,M6,577370500,True,converged,4,0,0,7.40860022083588180663126853529e-1301,1.77577826454286375300969246787e-1301,13,8,4,20,8,160,AMD
20260930T231024_436543Z,extension,external6_H1_n20_d0p30_e800,25,1,P5,549289800,True,converged,4,3,3,0.0,0.0,21,4,4,23,0,0,AMD
20260930T231024_436543Z,extension,external6_H1_n20_d0p30_e800,26,0,M6,580434500,True,converged,4,0,0,7.40860022083588180663126853529e-1301,1.77577826454286375300969246787e-1301,13,8,4,20,8,160,AMD
20260930T231024_436543Z,extension,external6_H1_n20_d0p30_e800,26,1,P5,554081200,True,converged,4,3,3,0.0,0.0,21,4,4,23,0,0,AMD
20260930T231024_436543Z,extension,external6_H1_n20_d0p30_e800,27,0,P5,555192500,True,converged,4,3,3,0.0,0.0,21,4,4,23,0,0,AMD
20260930T231024_436543Z,extension,external6_H1_n20_d0p30_e800,27,1,M6,571546400,True,converged,4,0,0,7.40860022083588180663126853529e-1301,1.77577826454286375300969246787e-1301,13,8,4,20,8,160,AMD
20260930T231024_436543Z,extension,external6_H1_n20_d0p30_e800,28,0,M6,567115800,True,converged,4,0,0,7.40860022083588180663126853529e-1301,1.77577826454286375300969246787e-1301,13,8,4,20,8,160,AMD
20260930T231024_436543Z,extension,external6_H1_n20_d0p30_e800,28,1,P5,549065400,True,converged,4,3,3,0.0,0.0,21,4,4,23,0,0,AMD
20260930T231024_436543Z,extension,external6_H1_n20_d0p30_e800,29,0,P5,559490800,True,converged,4,3,3,0.0,0.0,21,4,4,23,0,0,AMD
20260930T231024_436543Z,extension,external6_H1_n20_d0p30_e800,29,1,M6,561855800,True,converged,4,0,0,7.40860022083588180663126853529e-1301,1.77577826454286375300969246787e-1301,13,8,4,20,8,160,AMD
20260930T231024_436543Z,extension,external6_H1_n20_d0p30_e800,30,0,P5,547539400,True,converged,4,3,3,0.0,0.0,21,4,4,23,0,0,AMD
20260930T231024_436543Z,extension,external6_H1_n20_d0p30_e800,30,1,M6,561258200,True,converged,4,0,0,7.40860022083588180663126853529e-1301,1.77577826454286375300969246787e-1301,13,8,4,20,8,160,AMD
20260927T184649_884983Z,initial,external6_H1_n20_d0p30_e1024,0,0,P5,565884100,True,converged,4,3,3,0.0,0.0,21,4,4,23,0,0,AMD
20260927T184649_884983Z,initial,external6_H1_n20_d0p30_e1024,0,1,M6,583430100,True,converged,4,0,0,7.40860022083588180663126853529e-1301,1.77577826454286375300969246787e-1301,13,8,4,20,8,160,AMD
20260927T184649_884983Z,initial,external6_H1_n20_d0p30_e1024,1,0,P5,557388100,True,converged,4,3,3,0.0,0.0,21,4,4,23,0,0,AMD
20260927T184649_884983Z,initial,external6_H1_n20_d0p30_e1024,1,1,M6,567324800,True,converged,4,0,0,7.40860022083588180663126853529e-1301,1.77577826454286375300969246787e-1301,13,8,4,20,8,160,AMD
20260927T184649_884983Z,initial,external6_H1_n20_d0p30_e1024,2,0,P5,556140600,True,converged,4,3,3,0.0,0.0,21,4,4,23,0,0,AMD
20260927T184649_884983Z,initial,external6_H1_n20_d0p30_e1024,2,1,M6,579957200,True,converged,4,0,0,7.40860022083588180663126853529e-1301,1.77577826454286375300969246787e-1301,13,8,4,20,8,160,AMD
20260927T184649_884983Z,initial,external6_H1_n20_d0p30_e1024,3,0,P5,552425400,True,converged,4,3,3,0.0,0.0,21,4,4,23,0,0,AMD
20260927T184649_884983Z,initial,external6_H1_n20_d0p30_e1024,3,1,M6,565654800,True,converged,4,0,0,7.40860022083588180663126853529e-1301,1.77577826454286375300969246787e-1301,13,8,4,20,8,160,AMD
20260927T184649_884983Z,initial,external6_H1_n20_d0p30_e1024,4,0,P5,553635000,True,converged,4,3,3,0.0,0.0,21,4,4,23,0,0,AMD
20260927T184649_884983Z,initial,external6_H1_n20_d0p30_e1024,4,1,M6,568990400,True,converged,4,0,0,7.40860022083588180663126853529e-1301,1.77577826454286375300969246787e-1301,13,8,4,20,8,160,AMD
20260927T184649_884983Z,initial,external6_H1_n20_d0p30_e1024,5,0,M6,572182300,True,converged,4,0,0,7.40860022083588180663126853529e-1301,1.77577826454286375300969246787e-1301,13,8,4,20,8,160,AMD
20260927T184649_884983Z,initial,external6_H1_n20_d0p30_e1024,5,1,P5,552261400,True,converged,4,3,3,0.0,0.0,21,4,4,23,0,0,AMD
20260927T184649_884983Z,initial,external6_H1_n20_d0p30_e1024,6,0,P5,553500600,True,converged,4,3,3,0.0,0.0,21,4,4,23,0,0,AMD
20260927T184649_884983Z,initial,external6_H1_n20_d0p30_e1024,6,1,M6,569292000,True,converged,4,0,0,7.40860022083588180663126853529e-1301,1.77577826454286375300969246787e-1301,13,8,4,20,8,160,AMD
20260927T184649_884983Z,initial,external6_H1_n20_d0p30_e1024,7,0,P5,554918500,True,converged,4,3,3,0.0,0.0,21,4,4,23,0,0,AMD
20260927T184649_884983Z,initial,external6_H1_n20_d0p30_e1024,7,1,M6,574384300,True,converged,4,0,0,7.40860022083588180663126853529e-1301,1.77577826454286375300969246787e-1301,13,8,4,20,8,160,AMD
20260927T184649_884983Z,initial,external6_H1_n20_d0p30_e1024,8,0,P5,551681600,True,converged,4,3,3,0.0,0.0,21,4,4,23,0,0,AMD
20260927T184649_884983Z,initial,external6_H1_n20_d0p30_e1024,8,1,M6,571842700,True,converged,4,0,0,7.40860022083588180663126853529e-1301,1.77577826454286375300969246787e-1301,13,8,4,20,8,160,AMD
20260927T184649_884983Z,initial,external6_H1_n20_d0p30_e1024,9,0,M6,568187400,True,converged,4,0,0,7.40860022083588180663126853529e-1301,1.77577826454286375300969246787e-1301,13,8,4,20,8,160,AMD
20260927T184649_884983Z,initial,external6_H1_n20_d0p30_e1024,9,1,P5,544185800,True,converged,4,3,3,0.0,0.0,21,4,4,23,0,0,AMD
20260927T184649_884983Z,initial,external6_H1_n20_d0p30_e1024,10,0,M6,568039000,True,converged,4,0,0,7.40860022083588180663126853529e-1301,1.77577826454286375300969246787e-1301,13,8,4,20,8,160,AMD
20260927T184649_884983Z,initial,external6_H1_n20_d0p30_e1024,10,1,P5,560838100,True,converged,4,3,3,0.0,0.0,21,4,4,23,0,0,AMD
20260927T184649_884983Z,initial,external6_H1_n20_d0p30_e1024,11,0,M6,568907100,True,converged,4,0,0,7.40860022083588180663126853529e-1301,1.77577826454286375300969246787e-1301,13,8,4,20,8,160,AMD
20260927T184649_884983Z,initial,external6_H1_n20_d0p30_e1024,11,1,P5,547655100,True,converged,4,3,3,0.0,0.0,21,4,4,23,0,0,AMD
20260927T184649_884983Z,initial,external6_H1_n20_d0p30_e1024,12,0,P5,548700200,True,converged,4,3,3,0.0,0.0,21,4,4,23,0,0,AMD
20260927T184649_884983Z,initial,external6_H1_n20_d0p30_e1024,12,1,M6,562305400,True,converged,4,0,0,7.40860022083588180663126853529e-1301,1.77577826454286375300969246787e-1301,13,8,4,20,8,160,AMD
20260927T184649_884983Z,initial,external6_H1_n20_d0p30_e1024,13,0,P5,546910900,True,converged,4,3,3,0.0,0.0,21,4,4,23,0,0,AMD
20260927T184649_884983Z,initial,external6_H1_n20_d0p30_e1024,13,1,M6,562736500,True,converged,4,0,0,7.40860022083588180663126853529e-1301,1.77577826454286375300969246787e-1301,13,8,4,20,8,160,AMD
20260927T184649_884983Z,initial,external6_H1_n20_d0p30_e1024,14,0,M6,569381300,True,converged,4,0,0,7.40860022083588180663126853529e-1301,1.77577826454286375300969246787e-1301,13,8,4,20,8,160,AMD
20260927T184649_884983Z,initial,external6_H1_n20_d0p30_e1024,14,1,P5,542938000,True,converged,4,3,3,0.0,0.0,21,4,4,23,0,0,AMD
20260930T231049_677721Z,extension,external6_H1_n20_d0p30_e1024,15,0,P5,575940600,True,converged,4,3,3,0.0,0.0,21,4,4,23,0,0,AMD
20260930T231049_677721Z,extension,external6_H1_n20_d0p30_e1024,15,1,M6,577369900,True,converged,4,0,0,7.40860022083588180663126853529e-1301,1.77577826454286375300969246787e-1301,13,8,4,20,8,160,AMD
20260930T231049_677721Z,extension,external6_H1_n20_d0p30_e1024,16,0,M6,571583400,True,converged,4,0,0,7.40860022083588180663126853529e-1301,1.77577826454286375300969246787e-1301,13,8,4,20,8,160,AMD
20260930T231049_677721Z,extension,external6_H1_n20_d0p30_e1024,16,1,P5,566235000,True,converged,4,3,3,0.0,0.0,21,4,4,23,0,0,AMD
20260930T231049_677721Z,extension,external6_H1_n20_d0p30_e1024,17,0,P5,561815200,True,converged,4,3,3,0.0,0.0,21,4,4,23,0,0,AMD
20260930T231049_677721Z,extension,external6_H1_n20_d0p30_e1024,17,1,M6,601291300,True,converged,4,0,0,7.40860022083588180663126853529e-1301,1.77577826454286375300969246787e-1301,13,8,4,20,8,160,AMD
20260930T231049_677721Z,extension,external6_H1_n20_d0p30_e1024,18,0,M6,577830900,True,converged,4,0,0,7.40860022083588180663126853529e-1301,1.77577826454286375300969246787e-1301,13,8,4,20,8,160,AMD
20260930T231049_677721Z,extension,external6_H1_n20_d0p30_e1024,18,1,P5,559925300,True,converged,4,3,3,0.0,0.0,21,4,4,23,0,0,AMD
20260930T231049_677721Z,extension,external6_H1_n20_d0p30_e1024,19,0,P5,568389800,True,converged,4,3,3,0.0,0.0,21,4,4,23,0,0,AMD
20260930T231049_677721Z,extension,external6_H1_n20_d0p30_e1024,19,1,M6,585457300,True,converged,4,0,0,7.40860022083588180663126853529e-1301,1.77577826454286375300969246787e-1301,13,8,4,20,8,160,AMD
20260930T231049_677721Z,extension,external6_H1_n20_d0p30_e1024,20,0,P5,563005400,True,converged,4,3,3,0.0,0.0,21,4,4,23,0,0,AMD
20260930T231049_677721Z,extension,external6_H1_n20_d0p30_e1024,20,1,M6,588548800,True,converged,4,0,0,7.40860022083588180663126853529e-1301,1.77577826454286375300969246787e-1301,13,8,4,20,8,160,AMD
20260930T231049_677721Z,extension,external6_H1_n20_d0p30_e1024,21,0,M6,583479700,True,converged,4,0,0,7.40860022083588180663126853529e-1301,1.77577826454286375300969246787e-1301,13,8,4,20,8,160,AMD
20260930T231049_677721Z,extension,external6_H1_n20_d0p30_e1024,21,1,P5,559340600,True,converged,4,3,3,0.0,0.0,21,4,4,23,0,0,AMD
20260930T231049_677721Z,extension,external6_H1_n20_d0p30_e1024,22,0,M6,580315400,True,converged,4,0,0,7.40860022083588180663126853529e-1301,1.77577826454286375300969246787e-1301,13,8,4,20,8,160,AMD
20260930T231049_677721Z,extension,external6_H1_n20_d0p30_e1024,22,1,P5,565357100,True,converged,4,3,3,0.0,0.0,21,4,4,23,0,0,AMD
20260930T231049_677721Z,extension,external6_H1_n20_d0p30_e1024,23,0,P5,566291000,True,converged,4,3,3,0.0,0.0,21,4,4,23,0,0,AMD
20260930T231049_677721Z,extension,external6_H1_n20_d0p30_e1024,23,1,M6,576016300,True,converged,4,0,0,7.40860022083588180663126853529e-1301,1.77577826454286375300969246787e-1301,13,8,4,20,8,160,AMD
20260930T231049_677721Z,extension,external6_H1_n20_d0p30_e1024,24,0,P5,564037300,True,converged,4,3,3,0.0,0.0,21,4,4,23,0,0,AMD
20260930T231049_677721Z,extension,external6_H1_n20_d0p30_e1024,24,1,M6,565436300,True,converged,4,0,0,7.40860022083588180663126853529e-1301,1.77577826454286375300969246787e-1301,13,8,4,20,8,160,AMD
20260930T231049_677721Z,extension,external6_H1_n20_d0p30_e1024,25,0,P5,556572000,True,converged,4,3,3,0.0,0.0,21,4,4,23,0,0,AMD
20260930T231049_677721Z,extension,external6_H1_n20_d0p30_e1024,25,1,M6,568911300,True,converged,4,0,0,7.40860022083588180663126853529e-1301,1.77577826454286375300969246787e-1301,13,8,4,20,8,160,AMD
20260930T231049_677721Z,extension,external6_H1_n20_d0p30_e1024,26,0,M6,593426500,True,converged,4,0,0,7.40860022083588180663126853529e-1301,1.77577826454286375300969246787e-1301,13,8,4,20,8,160,AMD
20260930T231049_677721Z,extension,external6_H1_n20_d0p30_e1024,26,1,P5,558396200,True,converged,4,3,3,0.0,0.0,21,4,4,23,0,0,AMD
20260930T231049_677721Z,extension,external6_H1_n20_d0p30_e1024,27,0,M6,580182600,True,converged,4,0,0,7.40860022083588180663126853529e-1301,1.77577826454286375300969246787e-1301,13,8,4,20,8,160,AMD
20260930T231049_677721Z,extension,external6_H1_n20_d0p30_e1024,27,1,P5,557173800,True,converged,4,3,3,0.0,0.0,21,4,4,23,0,0,AMD
20260930T231049_677721Z,extension,external6_H1_n20_d0p30_e1024,28,0,M6,564014300,True,converged,4,0,0,7.40860022083588180663126853529e-1301,1.77577826454286375300969246787e-1301,13,8,4,20,8,160,AMD
20260930T231049_677721Z,extension,external6_H1_n20_d0p30_e1024,28,1,P5,551338600,True,converged,4,3,3,0.0,0.0,21,4,4,23,0,0,AMD
20260930T231049_677721Z,extension,external6_H1_n20_d0p30_e1024,29,0,M6,566798600,True,converged,4,0,0,7.40860022083588180663126853529e-1301,1.77577826454286375300969246787e-1301,13,8,4,20,8,160,AMD
20260930T231049_677721Z,extension,external6_H1_n20_d0p30_e1024,29,1,P5,542018400,True,converged,4,3,3,0.0,0.0,21,4,4,23,0,0,AMD
20260930T231049_677721Z,extension,external6_H1_n20_d0p30_e1024,30,0,P5,544376000,True,converged,4,3,3,0.0,0.0,21,4,4,23,0,0,AMD
20260930T231049_677721Z,extension,external6_H1_n20_d0p30_e1024,30,1,M6,563552500,True,converged,4,0,0,7.40860022083588180663126853529e-1301,1.77577826454286375300969246787e-1301,13,8,4,20,8,160,AMD
20260927T184713_624990Z,initial,external8_H1_n20_d0p30_e50,0,0,P7,379042000,True,converged,2,1,1,2.35690888633902372133727458468e-127,5.80764874557220812204223034076e-128,15,2,2,15,0,0,AMD
20260927T184713_624990Z,initial,external8_H1_n20_d0p30_e50,0,1,M8,354945200,True,converged,2,0,0,5.33492022059002720188067716625e-115,1.41622148189386267634318730406e-115,7,4,4,8,0,960,AMD
20260927T184713_624990Z,initial,external8_H1_n20_d0p30_e50,1,0,P7,383304600,True,converged,2,1,1,2.35690888633902372133727458468e-127,5.80764874557220812204223034076e-128,15,2,2,15,0,0,AMD
20260927T184713_624990Z,initial,external8_H1_n20_d0p30_e50,1,1,M8,357146600,True,converged,2,0,0,5.33492022059002720188067716625e-115,1.41622148189386267634318730406e-115,7,4,4,8,0,960,AMD
20260927T184713_624990Z,initial,external8_H1_n20_d0p30_e50,2,0,M8,361157100,True,converged,2,0,0,5.33492022059002720188067716625e-115,1.41622148189386267634318730406e-115,7,4,4,8,0,960,AMD
20260927T184713_624990Z,initial,external8_H1_n20_d0p30_e50,2,1,P7,395858400,True,converged,2,1,1,2.35690888633902372133727458468e-127,5.80764874557220812204223034076e-128,15,2,2,15,0,0,AMD
20260927T184713_624990Z,initial,external8_H1_n20_d0p30_e50,3,0,M8,366192300,True,converged,2,0,0,5.33492022059002720188067716625e-115,1.41622148189386267634318730406e-115,7,4,4,8,0,960,AMD
20260927T184713_624990Z,initial,external8_H1_n20_d0p30_e50,3,1,P7,393707900,True,converged,2,1,1,2.35690888633902372133727458468e-127,5.80764874557220812204223034076e-128,15,2,2,15,0,0,AMD
20260927T184713_624990Z,initial,external8_H1_n20_d0p30_e50,4,0,P7,404787000,True,converged,2,1,1,2.35690888633902372133727458468e-127,5.80764874557220812204223034076e-128,15,2,2,15,0,0,AMD
20260927T184713_624990Z,initial,external8_H1_n20_d0p30_e50,4,1,M8,370850800,True,converged,2,0,0,5.33492022059002720188067716625e-115,1.41622148189386267634318730406e-115,7,4,4,8,0,960,AMD
20260927T184713_624990Z,initial,external8_H1_n20_d0p30_e50,5,0,M8,367554400,True,converged,2,0,0,5.33492022059002720188067716625e-115,1.41622148189386267634318730406e-115,7,4,4,8,0,960,AMD
20260927T184713_624990Z,initial,external8_H1_n20_d0p30_e50,5,1,P7,392074400,True,converged,2,1,1,2.35690888633902372133727458468e-127,5.80764874557220812204223034076e-128,15,2,2,15,0,0,AMD
20260927T184713_624990Z,initial,external8_H1_n20_d0p30_e50,6,0,M8,365905600,True,converged,2,0,0,5.33492022059002720188067716625e-115,1.41622148189386267634318730406e-115,7,4,4,8,0,960,AMD
20260927T184713_624990Z,initial,external8_H1_n20_d0p30_e50,6,1,P7,380321200,True,converged,2,1,1,2.35690888633902372133727458468e-127,5.80764874557220812204223034076e-128,15,2,2,15,0,0,AMD
20260927T184713_624990Z,initial,external8_H1_n20_d0p30_e50,7,0,P7,385395400,True,converged,2,1,1,2.35690888633902372133727458468e-127,5.80764874557220812204223034076e-128,15,2,2,15,0,0,AMD
20260927T184713_624990Z,initial,external8_H1_n20_d0p30_e50,7,1,M8,358092400,True,converged,2,0,0,5.33492022059002720188067716625e-115,1.41622148189386267634318730406e-115,7,4,4,8,0,960,AMD
20260927T184713_624990Z,initial,external8_H1_n20_d0p30_e50,8,0,P7,384721600,True,converged,2,1,1,2.35690888633902372133727458468e-127,5.80764874557220812204223034076e-128,15,2,2,15,0,0,AMD
20260927T184713_624990Z,initial,external8_H1_n20_d0p30_e50,8,1,M8,361616200,True,converged,2,0,0,5.33492022059002720188067716625e-115,1.41622148189386267634318730406e-115,7,4,4,8,0,960,AMD
20260927T184713_624990Z,initial,external8_H1_n20_d0p30_e50,9,0,M8,362322200,True,converged,2,0,0,5.33492022059002720188067716625e-115,1.41622148189386267634318730406e-115,7,4,4,8,0,960,AMD
20260927T184713_624990Z,initial,external8_H1_n20_d0p30_e50,9,1,P7,383288000,True,converged,2,1,1,2.35690888633902372133727458468e-127,5.80764874557220812204223034076e-128,15,2,2,15,0,0,AMD
20260927T184713_624990Z,initial,external8_H1_n20_d0p30_e50,10,0,M8,358321000,True,converged,2,0,0,5.33492022059002720188067716625e-115,1.41622148189386267634318730406e-115,7,4,4,8,0,960,AMD
20260927T184713_624990Z,initial,external8_H1_n20_d0p30_e50,10,1,P7,383448500,True,converged,2,1,1,2.35690888633902372133727458468e-127,5.80764874557220812204223034076e-128,15,2,2,15,0,0,AMD
20260927T184713_624990Z,initial,external8_H1_n20_d0p30_e50,11,0,M8,358027200,True,converged,2,0,0,5.33492022059002720188067716625e-115,1.41622148189386267634318730406e-115,7,4,4,8,0,960,AMD
20260927T184713_624990Z,initial,external8_H1_n20_d0p30_e50,11,1,P7,377792700,True,converged,2,1,1,2.35690888633902372133727458468e-127,5.80764874557220812204223034076e-128,15,2,2,15,0,0,AMD
20260927T184713_624990Z,initial,external8_H1_n20_d0p30_e50,12,0,M8,361329600,True,converged,2,0,0,5.33492022059002720188067716625e-115,1.41622148189386267634318730406e-115,7,4,4,8,0,960,AMD
20260927T184713_624990Z,initial,external8_H1_n20_d0p30_e50,12,1,P7,378329500,True,converged,2,1,1,2.35690888633902372133727458468e-127,5.80764874557220812204223034076e-128,15,2,2,15,0,0,AMD
20260927T184713_624990Z,initial,external8_H1_n20_d0p30_e50,13,0,P7,382121100,True,converged,2,1,1,2.35690888633902372133727458468e-127,5.80764874557220812204223034076e-128,15,2,2,15,0,0,AMD
20260927T184713_624990Z,initial,external8_H1_n20_d0p30_e50,13,1,M8,359088300,True,converged,2,0,0,5.33492022059002720188067716625e-115,1.41622148189386267634318730406e-115,7,4,4,8,0,960,AMD
20260927T184713_624990Z,initial,external8_H1_n20_d0p30_e50,14,0,M8,358202300,True,converged,2,0,0,5.33492022059002720188067716625e-115,1.41622148189386267634318730406e-115,7,4,4,8,0,960,AMD
20260927T184713_624990Z,initial,external8_H1_n20_d0p30_e50,14,1,P7,385013900,True,converged,2,1,1,2.35690888633902372133727458468e-127,5.80764874557220812204223034076e-128,15,2,2,15,0,0,AMD
20260930T231115_122507Z,extension,external8_H1_n20_d0p30_e50,15,0,P7,388345500,True,converged,2,1,1,2.35690888633902372133727458468e-127,5.80764874557220812204223034076e-128,15,2,2,15,0,0,AMD
20260930T231115_122507Z,extension,external8_H1_n20_d0p30_e50,15,1,M8,358988200,True,converged,2,0,0,5.33492022059002720188067716625e-115,1.41622148189386267634318730406e-115,7,4,4,8,0,960,AMD
20260930T231115_122507Z,extension,external8_H1_n20_d0p30_e50,16,0,M8,362122400,True,converged,2,0,0,5.33492022059002720188067716625e-115,1.41622148189386267634318730406e-115,7,4,4,8,0,960,AMD
20260930T231115_122507Z,extension,external8_H1_n20_d0p30_e50,16,1,P7,383895400,True,converged,2,1,1,2.35690888633902372133727458468e-127,5.80764874557220812204223034076e-128,15,2,2,15,0,0,AMD
20260930T231115_122507Z,extension,external8_H1_n20_d0p30_e50,17,0,P7,394117600,True,converged,2,1,1,2.35690888633902372133727458468e-127,5.80764874557220812204223034076e-128,15,2,2,15,0,0,AMD
20260930T231115_122507Z,extension,external8_H1_n20_d0p30_e50,17,1,M8,377441200,True,converged,2,0,0,5.33492022059002720188067716625e-115,1.41622148189386267634318730406e-115,7,4,4,8,0,960,AMD
20260930T231115_122507Z,extension,external8_H1_n20_d0p30_e50,18,0,M8,367137900,True,converged,2,0,0,5.33492022059002720188067716625e-115,1.41622148189386267634318730406e-115,7,4,4,8,0,960,AMD
20260930T231115_122507Z,extension,external8_H1_n20_d0p30_e50,18,1,P7,382347400,True,converged,2,1,1,2.35690888633902372133727458468e-127,5.80764874557220812204223034076e-128,15,2,2,15,0,0,AMD
20260930T231115_122507Z,extension,external8_H1_n20_d0p30_e50,19,0,M8,368749500,True,converged,2,0,0,5.33492022059002720188067716625e-115,1.41622148189386267634318730406e-115,7,4,4,8,0,960,AMD
20260930T231115_122507Z,extension,external8_H1_n20_d0p30_e50,19,1,P7,381009500,True,converged,2,1,1,2.35690888633902372133727458468e-127,5.80764874557220812204223034076e-128,15,2,2,15,0,0,AMD
20260930T231115_122507Z,extension,external8_H1_n20_d0p30_e50,20,0,P7,380535300,True,converged,2,1,1,2.35690888633902372133727458468e-127,5.80764874557220812204223034076e-128,15,2,2,15,0,0,AMD
20260930T231115_122507Z,extension,external8_H1_n20_d0p30_e50,20,1,M8,358398500,True,converged,2,0,0,5.33492022059002720188067716625e-115,1.41622148189386267634318730406e-115,7,4,4,8,0,960,AMD
20260930T231115_122507Z,extension,external8_H1_n20_d0p30_e50,21,0,P7,388356900,True,converged,2,1,1,2.35690888633902372133727458468e-127,5.80764874557220812204223034076e-128,15,2,2,15,0,0,AMD
20260930T231115_122507Z,extension,external8_H1_n20_d0p30_e50,21,1,M8,359125900,True,converged,2,0,0,5.33492022059002720188067716625e-115,1.41622148189386267634318730406e-115,7,4,4,8,0,960,AMD
20260930T231115_122507Z,extension,external8_H1_n20_d0p30_e50,22,0,M8,363377900,True,converged,2,0,0,5.33492022059002720188067716625e-115,1.41622148189386267634318730406e-115,7,4,4,8,0,960,AMD
20260930T231115_122507Z,extension,external8_H1_n20_d0p30_e50,22,1,P7,385392800,True,converged,2,1,1,2.35690888633902372133727458468e-127,5.80764874557220812204223034076e-128,15,2,2,15,0,0,AMD
20260930T231115_122507Z,extension,external8_H1_n20_d0p30_e50,23,0,M8,356986500,True,converged,2,0,0,5.33492022059002720188067716625e-115,1.41622148189386267634318730406e-115,7,4,4,8,0,960,AMD
20260930T231115_122507Z,extension,external8_H1_n20_d0p30_e50,23,1,P7,386177000,True,converged,2,1,1,2.35690888633902372133727458468e-127,5.80764874557220812204223034076e-128,15,2,2,15,0,0,AMD
20260930T231115_122507Z,extension,external8_H1_n20_d0p30_e50,24,0,M8,366322300,True,converged,2,0,0,5.33492022059002720188067716625e-115,1.41622148189386267634318730406e-115,7,4,4,8,0,960,AMD
20260930T231115_122507Z,extension,external8_H1_n20_d0p30_e50,24,1,P7,381624100,True,converged,2,1,1,2.35690888633902372133727458468e-127,5.80764874557220812204223034076e-128,15,2,2,15,0,0,AMD
20260930T231115_122507Z,extension,external8_H1_n20_d0p30_e50,25,0,M8,369289800,True,converged,2,0,0,5.33492022059002720188067716625e-115,1.41622148189386267634318730406e-115,7,4,4,8,0,960,AMD
20260930T231115_122507Z,extension,external8_H1_n20_d0p30_e50,25,1,P7,391695300,True,converged,2,1,1,2.35690888633902372133727458468e-127,5.80764874557220812204223034076e-128,15,2,2,15,0,0,AMD
20260930T231115_122507Z,extension,external8_H1_n20_d0p30_e50,26,0,P7,381339100,True,converged,2,1,1,2.35690888633902372133727458468e-127,5.80764874557220812204223034076e-128,15,2,2,15,0,0,AMD
20260930T231115_122507Z,extension,external8_H1_n20_d0p30_e50,26,1,M8,358440600,True,converged,2,0,0,5.33492022059002720188067716625e-115,1.41622148189386267634318730406e-115,7,4,4,8,0,960,AMD
20260930T231115_122507Z,extension,external8_H1_n20_d0p30_e50,27,0,P7,386358700,True,converged,2,1,1,2.35690888633902372133727458468e-127,5.80764874557220812204223034076e-128,15,2,2,15,0,0,AMD
20260930T231115_122507Z,extension,external8_H1_n20_d0p30_e50,27,1,M8,359734400,True,converged,2,0,0,5.33492022059002720188067716625e-115,1.41622148189386267634318730406e-115,7,4,4,8,0,960,AMD
20260930T231115_122507Z,extension,external8_H1_n20_d0p30_e50,28,0,M8,372859500,True,converged,2,0,0,5.33492022059002720188067716625e-115,1.41622148189386267634318730406e-115,7,4,4,8,0,960,AMD
20260930T231115_122507Z,extension,external8_H1_n20_d0p30_e50,28,1,P7,401225700,True,converged,2,1,1,2.35690888633902372133727458468e-127,5.80764874557220812204223034076e-128,15,2,2,15,0,0,AMD
20260930T231115_122507Z,extension,external8_H1_n20_d0p30_e50,29,0,M8,390082200,True,converged,2,0,0,5.33492022059002720188067716625e-115,1.41622148189386267634318730406e-115,7,4,4,8,0,960,AMD
20260930T231115_122507Z,extension,external8_H1_n20_d0p30_e50,29,1,P7,391874200,True,converged,2,1,1,2.35690888633902372133727458468e-127,5.80764874557220812204223034076e-128,15,2,2,15,0,0,AMD
20260930T231115_122507Z,extension,external8_H1_n20_d0p30_e50,30,0,P7,396908200,True,converged,2,1,1,2.35690888633902372133727458468e-127,5.80764874557220812204223034076e-128,15,2,2,15,0,0,AMD
20260930T231115_122507Z,extension,external8_H1_n20_d0p30_e50,30,1,M8,372000000,True,converged,2,0,0,5.33492022059002720188067716625e-115,1.41622148189386267634318730406e-115,7,4,4,8,0,960,AMD
20260927T184729_405839Z,initial,external8_H1_n20_d0p30_e200,0,0,M8,543170100,True,converged,3,0,0,1.17610567496064540864482989172e-927,2.93355094430484249806564314313e-928,10,6,6,12,0,1440,AMD
20260927T184729_405839Z,initial,external8_H1_n20_d0p30_e200,0,1,P7,582240500,True,converged,3,2,2,2.21806572410181881590616897963e-1125,5.55837918313324256088658587501e-1126,22,3,3,23,0,0,AMD
20260927T184729_405839Z,initial,external8_H1_n20_d0p30_e200,1,0,P7,583158500,True,converged,3,2,2,2.21806572410181881590616897963e-1125,5.55837918313324256088658587501e-1126,22,3,3,23,0,0,AMD
20260927T184729_405839Z,initial,external8_H1_n20_d0p30_e200,1,1,M8,538248500,True,converged,3,0,0,1.17610567496064540864482989172e-927,2.93355094430484249806564314313e-928,10,6,6,12,0,1440,AMD
20260927T184729_405839Z,initial,external8_H1_n20_d0p30_e200,2,0,P7,585747900,True,converged,3,2,2,2.21806572410181881590616897963e-1125,5.55837918313324256088658587501e-1126,22,3,3,23,0,0,AMD
20260927T184729_405839Z,initial,external8_H1_n20_d0p30_e200,2,1,M8,537540100,True,converged,3,0,0,1.17610567496064540864482989172e-927,2.93355094430484249806564314313e-928,10,6,6,12,0,1440,AMD
20260927T184729_405839Z,initial,external8_H1_n20_d0p30_e200,3,0,P7,582551500,True,converged,3,2,2,2.21806572410181881590616897963e-1125,5.55837918313324256088658587501e-1126,22,3,3,23,0,0,AMD
20260927T184729_405839Z,initial,external8_H1_n20_d0p30_e200,3,1,M8,530216100,True,converged,3,0,0,1.17610567496064540864482989172e-927,2.93355094430484249806564314313e-928,10,6,6,12,0,1440,AMD
20260927T184729_405839Z,initial,external8_H1_n20_d0p30_e200,4,0,M8,530136800,True,converged,3,0,0,1.17610567496064540864482989172e-927,2.93355094430484249806564314313e-928,10,6,6,12,0,1440,AMD
20260927T184729_405839Z,initial,external8_H1_n20_d0p30_e200,4,1,P7,571768900,True,converged,3,2,2,2.21806572410181881590616897963e-1125,5.55837918313324256088658587501e-1126,22,3,3,23,0,0,AMD
20260927T184729_405839Z,initial,external8_H1_n20_d0p30_e200,5,0,P7,580845600,True,converged,3,2,2,2.21806572410181881590616897963e-1125,5.55837918313324256088658587501e-1126,22,3,3,23,0,0,AMD
20260927T184729_405839Z,initial,external8_H1_n20_d0p30_e200,5,1,M8,532179000,True,converged,3,0,0,1.17610567496064540864482989172e-927,2.93355094430484249806564314313e-928,10,6,6,12,0,1440,AMD
20260927T184729_405839Z,initial,external8_H1_n20_d0p30_e200,6,0,P7,588318700,True,converged,3,2,2,2.21806572410181881590616897963e-1125,5.55837918313324256088658587501e-1126,22,3,3,23,0,0,AMD
20260927T184729_405839Z,initial,external8_H1_n20_d0p30_e200,6,1,M8,537444600,True,converged,3,0,0,1.17610567496064540864482989172e-927,2.93355094430484249806564314313e-928,10,6,6,12,0,1440,AMD
20260927T184729_405839Z,initial,external8_H1_n20_d0p30_e200,7,0,P7,586920000,True,converged,3,2,2,2.21806572410181881590616897963e-1125,5.55837918313324256088658587501e-1126,22,3,3,23,0,0,AMD
20260927T184729_405839Z,initial,external8_H1_n20_d0p30_e200,7,1,M8,529152200,True,converged,3,0,0,1.17610567496064540864482989172e-927,2.93355094430484249806564314313e-928,10,6,6,12,0,1440,AMD
20260927T184729_405839Z,initial,external8_H1_n20_d0p30_e200,8,0,M8,541809200,True,converged,3,0,0,1.17610567496064540864482989172e-927,2.93355094430484249806564314313e-928,10,6,6,12,0,1440,AMD
20260927T184729_405839Z,initial,external8_H1_n20_d0p30_e200,8,1,P7,583989800,True,converged,3,2,2,2.21806572410181881590616897963e-1125,5.55837918313324256088658587501e-1126,22,3,3,23,0,0,AMD
20260927T184729_405839Z,initial,external8_H1_n20_d0p30_e200,9,0,P7,585568900,True,converged,3,2,2,2.21806572410181881590616897963e-1125,5.55837918313324256088658587501e-1126,22,3,3,23,0,0,AMD
20260927T184729_405839Z,initial,external8_H1_n20_d0p30_e200,9,1,M8,534651700,True,converged,3,0,0,1.17610567496064540864482989172e-927,2.93355094430484249806564314313e-928,10,6,6,12,0,1440,AMD
20260927T184729_405839Z,initial,external8_H1_n20_d0p30_e200,10,0,P7,595678900,True,converged,3,2,2,2.21806572410181881590616897963e-1125,5.55837918313324256088658587501e-1126,22,3,3,23,0,0,AMD
20260927T184729_405839Z,initial,external8_H1_n20_d0p30_e200,10,1,M8,562986900,True,converged,3,0,0,1.17610567496064540864482989172e-927,2.93355094430484249806564314313e-928,10,6,6,12,0,1440,AMD
20260927T184729_405839Z,initial,external8_H1_n20_d0p30_e200,11,0,P7,588398900,True,converged,3,2,2,2.21806572410181881590616897963e-1125,5.55837918313324256088658587501e-1126,22,3,3,23,0,0,AMD
20260927T184729_405839Z,initial,external8_H1_n20_d0p30_e200,11,1,M8,534207400,True,converged,3,0,0,1.17610567496064540864482989172e-927,2.93355094430484249806564314313e-928,10,6,6,12,0,1440,AMD
20260927T184729_405839Z,initial,external8_H1_n20_d0p30_e200,12,0,P7,591853200,True,converged,3,2,2,2.21806572410181881590616897963e-1125,5.55837918313324256088658587501e-1126,22,3,3,23,0,0,AMD
20260927T184729_405839Z,initial,external8_H1_n20_d0p30_e200,12,1,M8,550021000,True,converged,3,0,0,1.17610567496064540864482989172e-927,2.93355094430484249806564314313e-928,10,6,6,12,0,1440,AMD
20260927T184729_405839Z,initial,external8_H1_n20_d0p30_e200,13,0,P7,613573000,True,converged,3,2,2,2.21806572410181881590616897963e-1125,5.55837918313324256088658587501e-1126,22,3,3,23,0,0,AMD
20260927T184729_405839Z,initial,external8_H1_n20_d0p30_e200,13,1,M8,570385600,True,converged,3,0,0,1.17610567496064540864482989172e-927,2.93355094430484249806564314313e-928,10,6,6,12,0,1440,AMD
20260927T184729_405839Z,initial,external8_H1_n20_d0p30_e200,14,0,P7,591883100,True,converged,3,2,2,2.21806572410181881590616897963e-1125,5.55837918313324256088658587501e-1126,22,3,3,23,0,0,AMD
20260927T184729_405839Z,initial,external8_H1_n20_d0p30_e200,14,1,M8,535973200,True,converged,3,0,0,1.17610567496064540864482989172e-927,2.93355094430484249806564314313e-928,10,6,6,12,0,1440,AMD
20260927T184753_050969Z,initial,external8_H1_n20_d0p30_e800,0,0,P7,604427100,True,converged,3,2,2,2.21806572410181881590616897963e-1125,5.55837918313324256088658587501e-1126,22,3,3,23,0,0,AMD
20260927T184753_050969Z,initial,external8_H1_n20_d0p30_e800,0,1,M8,556498800,True,converged,3,0,0,1.17610567496064540864482989172e-927,2.93355094430484249806564314313e-928,10,6,6,12,0,1440,AMD
20260927T184753_050969Z,initial,external8_H1_n20_d0p30_e800,1,0,M8,536757900,True,converged,3,0,0,1.17610567496064540864482989172e-927,2.93355094430484249806564314313e-928,10,6,6,12,0,1440,AMD
20260927T184753_050969Z,initial,external8_H1_n20_d0p30_e800,1,1,P7,583367800,True,converged,3,2,2,2.21806572410181881590616897963e-1125,5.55837918313324256088658587501e-1126,22,3,3,23,0,0,AMD
20260927T184753_050969Z,initial,external8_H1_n20_d0p30_e800,2,0,P7,582970800,True,converged,3,2,2,2.21806572410181881590616897963e-1125,5.55837918313324256088658587501e-1126,22,3,3,23,0,0,AMD
20260927T184753_050969Z,initial,external8_H1_n20_d0p30_e800,2,1,M8,534942400,True,converged,3,0,0,1.17610567496064540864482989172e-927,2.93355094430484249806564314313e-928,10,6,6,12,0,1440,AMD
20260927T184753_050969Z,initial,external8_H1_n20_d0p30_e800,3,0,P7,581487100,True,converged,3,2,2,2.21806572410181881590616897963e-1125,5.55837918313324256088658587501e-1126,22,3,3,23,0,0,AMD
20260927T184753_050969Z,initial,external8_H1_n20_d0p30_e800,3,1,M8,534123900,True,converged,3,0,0,1.17610567496064540864482989172e-927,2.93355094430484249806564314313e-928,10,6,6,12,0,1440,AMD
20260927T184753_050969Z,initial,external8_H1_n20_d0p30_e800,4,0,P7,576660700,True,converged,3,2,2,2.21806572410181881590616897963e-1125,5.55837918313324256088658587501e-1126,22,3,3,23,0,0,AMD
20260927T184753_050969Z,initial,external8_H1_n20_d0p30_e800,4,1,M8,532834500,True,converged,3,0,0,1.17610567496064540864482989172e-927,2.93355094430484249806564314313e-928,10,6,6,12,0,1440,AMD
20260927T184753_050969Z,initial,external8_H1_n20_d0p30_e800,5,0,M8,538495300,True,converged,3,0,0,1.17610567496064540864482989172e-927,2.93355094430484249806564314313e-928,10,6,6,12,0,1440,AMD
20260927T184753_050969Z,initial,external8_H1_n20_d0p30_e800,5,1,P7,577726400,True,converged,3,2,2,2.21806572410181881590616897963e-1125,5.55837918313324256088658587501e-1126,22,3,3,23,0,0,AMD
20260927T184753_050969Z,initial,external8_H1_n20_d0p30_e800,6,0,P7,578891800,True,converged,3,2,2,2.21806572410181881590616897963e-1125,5.55837918313324256088658587501e-1126,22,3,3,23,0,0,AMD
20260927T184753_050969Z,initial,external8_H1_n20_d0p30_e800,6,1,M8,537049600,True,converged,3,0,0,1.17610567496064540864482989172e-927,2.93355094430484249806564314313e-928,10,6,6,12,0,1440,AMD
20260927T184753_050969Z,initial,external8_H1_n20_d0p30_e800,7,0,P7,585273100,True,converged,3,2,2,2.21806572410181881590616897963e-1125,5.55837918313324256088658587501e-1126,22,3,3,23,0,0,AMD
20260927T184753_050969Z,initial,external8_H1_n20_d0p30_e800,7,1,M8,539805800,True,converged,3,0,0,1.17610567496064540864482989172e-927,2.93355094430484249806564314313e-928,10,6,6,12,0,1440,AMD
20260927T184753_050969Z,initial,external8_H1_n20_d0p30_e800,8,0,M8,537649800,True,converged,3,0,0,1.17610567496064540864482989172e-927,2.93355094430484249806564314313e-928,10,6,6,12,0,1440,AMD
20260927T184753_050969Z,initial,external8_H1_n20_d0p30_e800,8,1,P7,575244700,True,converged,3,2,2,2.21806572410181881590616897963e-1125,5.55837918313324256088658587501e-1126,22,3,3,23,0,0,AMD
20260927T184753_050969Z,initial,external8_H1_n20_d0p30_e800,9,0,P7,580190000,True,converged,3,2,2,2.21806572410181881590616897963e-1125,5.55837918313324256088658587501e-1126,22,3,3,23,0,0,AMD
20260927T184753_050969Z,initial,external8_H1_n20_d0p30_e800,9,1,M8,530993300,True,converged,3,0,0,1.17610567496064540864482989172e-927,2.93355094430484249806564314313e-928,10,6,6,12,0,1440,AMD
20260927T184753_050969Z,initial,external8_H1_n20_d0p30_e800,10,0,P7,584961100,True,converged,3,2,2,2.21806572410181881590616897963e-1125,5.55837918313324256088658587501e-1126,22,3,3,23,0,0,AMD
20260927T184753_050969Z,initial,external8_H1_n20_d0p30_e800,10,1,M8,541380200,True,converged,3,0,0,1.17610567496064540864482989172e-927,2.93355094430484249806564314313e-928,10,6,6,12,0,1440,AMD
20260927T184753_050969Z,initial,external8_H1_n20_d0p30_e800,11,0,P7,578459400,True,converged,3,2,2,2.21806572410181881590616897963e-1125,5.55837918313324256088658587501e-1126,22,3,3,23,0,0,AMD
20260927T184753_050969Z,initial,external8_H1_n20_d0p30_e800,11,1,M8,528298400,True,converged,3,0,0,1.17610567496064540864482989172e-927,2.93355094430484249806564314313e-928,10,6,6,12,0,1440,AMD
20260927T184753_050969Z,initial,external8_H1_n20_d0p30_e800,12,0,M8,540126800,True,converged,3,0,0,1.17610567496064540864482989172e-927,2.93355094430484249806564314313e-928,10,6,6,12,0,1440,AMD
20260927T184753_050969Z,initial,external8_H1_n20_d0p30_e800,12,1,P7,579600800,True,converged,3,2,2,2.21806572410181881590616897963e-1125,5.55837918313324256088658587501e-1126,22,3,3,23,0,0,AMD
20260927T184753_050969Z,initial,external8_H1_n20_d0p30_e800,13,0,M8,528757300,True,converged,3,0,0,1.17610567496064540864482989172e-927,2.93355094430484249806564314313e-928,10,6,6,12,0,1440,AMD
20260927T184753_050969Z,initial,external8_H1_n20_d0p30_e800,13,1,P7,576287600,True,converged,3,2,2,2.21806572410181881590616897963e-1125,5.55837918313324256088658587501e-1126,22,3,3,23,0,0,AMD
20260927T184753_050969Z,initial,external8_H1_n20_d0p30_e800,14,0,P7,576421600,True,converged,3,2,2,2.21806572410181881590616897963e-1125,5.55837918313324256088658587501e-1126,22,3,3,23,0,0,AMD
20260927T184753_050969Z,initial,external8_H1_n20_d0p30_e800,14,1,M8,530863400,True,converged,3,0,0,1.17610567496064540864482989172e-927,2.93355094430484249806564314313e-928,10,6,6,12,0,1440,AMD
20260927T184816_509058Z,initial,external8_H1_n20_d0p30_e1024,0,0,P7,592787000,True,converged,3,2,2,2.21806572410181881590616897963e-1125,5.55837918313324256088658587501e-1126,22,3,3,23,0,0,AMD
20260927T184816_509058Z,initial,external8_H1_n20_d0p30_e1024,0,1,M8,680062000,True,converged,4,0,0,0.0,0.0,13,8,8,16,0,1920,AMD
20260927T184816_509058Z,initial,external8_H1_n20_d0p30_e1024,1,0,M8,682690200,True,converged,4,0,0,0.0,0.0,13,8,8,16,0,1920,AMD
20260927T184816_509058Z,initial,external8_H1_n20_d0p30_e1024,1,1,P7,580581400,True,converged,3,2,2,2.21806572410181881590616897963e-1125,5.55837918313324256088658587501e-1126,22,3,3,23,0,0,AMD
20260927T184816_509058Z,initial,external8_H1_n20_d0p30_e1024,2,0,P7,581990600,True,converged,3,2,2,2.21806572410181881590616897963e-1125,5.55837918313324256088658587501e-1126,22,3,3,23,0,0,AMD
20260927T184816_509058Z,initial,external8_H1_n20_d0p30_e1024,2,1,M8,677807100,True,converged,4,0,0,0.0,0.0,13,8,8,16,0,1920,AMD
20260927T184816_509058Z,initial,external8_H1_n20_d0p30_e1024,3,0,P7,581911800,True,converged,3,2,2,2.21806572410181881590616897963e-1125,5.55837918313324256088658587501e-1126,22,3,3,23,0,0,AMD
20260927T184816_509058Z,initial,external8_H1_n20_d0p30_e1024,3,1,M8,680901600,True,converged,4,0,0,0.0,0.0,13,8,8,16,0,1920,AMD
20260927T184816_509058Z,initial,external8_H1_n20_d0p30_e1024,4,0,P7,578462900,True,converged,3,2,2,2.21806572410181881590616897963e-1125,5.55837918313324256088658587501e-1126,22,3,3,23,0,0,AMD
20260927T184816_509058Z,initial,external8_H1_n20_d0p30_e1024,4,1,M8,683994400,True,converged,4,0,0,0.0,0.0,13,8,8,16,0,1920,AMD
20260927T184816_509058Z,initial,external8_H1_n20_d0p30_e1024,5,0,P7,580049400,True,converged,3,2,2,2.21806572410181881590616897963e-1125,5.55837918313324256088658587501e-1126,22,3,3,23,0,0,AMD
20260927T184816_509058Z,initial,external8_H1_n20_d0p30_e1024,5,1,M8,679502100,True,converged,4,0,0,0.0,0.0,13,8,8,16,0,1920,AMD
20260927T184816_509058Z,initial,external8_H1_n20_d0p30_e1024,6,0,P7,591180700,True,converged,3,2,2,2.21806572410181881590616897963e-1125,5.55837918313324256088658587501e-1126,22,3,3,23,0,0,AMD
20260927T184816_509058Z,initial,external8_H1_n20_d0p30_e1024,6,1,M8,678324500,True,converged,4,0,0,0.0,0.0,13,8,8,16,0,1920,AMD
20260927T184816_509058Z,initial,external8_H1_n20_d0p30_e1024,7,0,M8,679399600,True,converged,4,0,0,0.0,0.0,13,8,8,16,0,1920,AMD
20260927T184816_509058Z,initial,external8_H1_n20_d0p30_e1024,7,1,P7,578428600,True,converged,3,2,2,2.21806572410181881590616897963e-1125,5.55837918313324256088658587501e-1126,22,3,3,23,0,0,AMD
20260927T184816_509058Z,initial,external8_H1_n20_d0p30_e1024,8,0,M8,677444400,True,converged,4,0,0,0.0,0.0,13,8,8,16,0,1920,AMD
20260927T184816_509058Z,initial,external8_H1_n20_d0p30_e1024,8,1,P7,591904700,True,converged,3,2,2,2.21806572410181881590616897963e-1125,5.55837918313324256088658587501e-1126,22,3,3,23,0,0,AMD
20260927T184816_509058Z,initial,external8_H1_n20_d0p30_e1024,9,0,M8,694117700,True,converged,4,0,0,0.0,0.0,13,8,8,16,0,1920,AMD
20260927T184816_509058Z,initial,external8_H1_n20_d0p30_e1024,9,1,P7,582751900,True,converged,3,2,2,2.21806572410181881590616897963e-1125,5.55837918313324256088658587501e-1126,22,3,3,23,0,0,AMD
20260927T184816_509058Z,initial,external8_H1_n20_d0p30_e1024,10,0,P7,579997800,True,converged,3,2,2,2.21806572410181881590616897963e-1125,5.55837918313324256088658587501e-1126,22,3,3,23,0,0,AMD
20260927T184816_509058Z,initial,external8_H1_n20_d0p30_e1024,10,1,M8,681837000,True,converged,4,0,0,0.0,0.0,13,8,8,16,0,1920,AMD
20260927T184816_509058Z,initial,external8_H1_n20_d0p30_e1024,11,0,P7,574730400,True,converged,3,2,2,2.21806572410181881590616897963e-1125,5.55837918313324256088658587501e-1126,22,3,3,23,0,0,AMD
20260927T184816_509058Z,initial,external8_H1_n20_d0p30_e1024,11,1,M8,681556500,True,converged,4,0,0,0.0,0.0,13,8,8,16,0,1920,AMD
20260927T184816_509058Z,initial,external8_H1_n20_d0p30_e1024,12,0,P7,574327100,True,converged,3,2,2,2.21806572410181881590616897963e-1125,5.55837918313324256088658587501e-1126,22,3,3,23,0,0,AMD
20260927T184816_509058Z,initial,external8_H1_n20_d0p30_e1024,12,1,M8,686962400,True,converged,4,0,0,0.0,0.0,13,8,8,16,0,1920,AMD
20260927T184816_509058Z,initial,external8_H1_n20_d0p30_e1024,13,0,M8,676442500,True,converged,4,0,0,0.0,0.0,13,8,8,16,0,1920,AMD
20260927T184816_509058Z,initial,external8_H1_n20_d0p30_e1024,13,1,P7,579829900,True,converged,3,2,2,2.21806572410181881590616897963e-1125,5.55837918313324256088658587501e-1126,22,3,3,23,0,0,AMD
20260927T184816_509058Z,initial,external8_H1_n20_d0p30_e1024,14,0,M8,678242500,True,converged,4,0,0,0.0,0.0,13,8,8,16,0,1920,AMD
20260927T184816_509058Z,initial,external8_H1_n20_d0p30_e1024,14,1,P7,575436700,True,converged,3,2,2,2.21806572410181881590616897963e-1125,5.55837918313324256088658587501e-1126,22,3,3,23,0,0,AMD
20260927T185153_801204Z,initial,external6_H5_n200_d0p30_e50,0,0,M6,111426117300,True,converged,2,0,0,4.32251652490878546072987710054e-93,1.07776836837163345501020049566e-93,7,4,2,10,4,800,AMD
20260927T185153_801204Z,initial,external6_H5_n200_d0p30_e50,0,1,P5,113949964300,True,converged,2,1,1,3.41604334996253305151920409298e-105,8.62226343411391464187749614003e-106,11,2,2,11,0,0,AMD
20260927T185153_801204Z,initial,external6_H5_n200_d0p30_e50,1,0,M6,112129408300,True,converged,2,0,0,4.32251652490878546072987710054e-93,1.07776836837163345501020049566e-93,7,4,2,10,4,800,AMD
20260927T185153_801204Z,initial,external6_H5_n200_d0p30_e50,1,1,P5,114419073200,True,converged,2,1,1,3.41604334996253305151920409298e-105,8.62226343411391464187749614003e-106,11,2,2,11,0,0,AMD
20260927T185153_801204Z,initial,external6_H5_n200_d0p30_e50,2,0,M6,112138515600,True,converged,2,0,0,4.32251652490878546072987710054e-93,1.07776836837163345501020049566e-93,7,4,2,10,4,800,AMD
20260927T185153_801204Z,initial,external6_H5_n200_d0p30_e50,2,1,P5,114474033600,True,converged,2,1,1,3.41604334996253305151920409298e-105,8.62226343411391464187749614003e-106,11,2,2,11,0,0,AMD
20260927T185153_801204Z,initial,external6_H5_n200_d0p30_e50,3,0,P5,114441286100,True,converged,2,1,1,3.41604334996253305151920409298e-105,8.62226343411391464187749614003e-106,11,2,2,11,0,0,AMD
20260927T185153_801204Z,initial,external6_H5_n200_d0p30_e50,3,1,M6,112073168700,True,converged,2,0,0,4.32251652490878546072987710054e-93,1.07776836837163345501020049566e-93,7,4,2,10,4,800,AMD
20260927T185153_801204Z,initial,external6_H5_n200_d0p30_e50,4,0,P5,114312095500,True,converged,2,1,1,3.41604334996253305151920409298e-105,8.62226343411391464187749614003e-106,11,2,2,11,0,0,AMD
20260927T185153_801204Z,initial,external6_H5_n200_d0p30_e50,4,1,M6,112100351100,True,converged,2,0,0,4.32251652490878546072987710054e-93,1.07776836837163345501020049566e-93,7,4,2,10,4,800,AMD
20260927T185153_801204Z,initial,external6_H5_n200_d0p30_e50,5,0,P5,114325917600,True,converged,2,1,1,3.41604334996253305151920409298e-105,8.62226343411391464187749614003e-106,11,2,2,11,0,0,AMD
20260927T185153_801204Z,initial,external6_H5_n200_d0p30_e50,5,1,M6,112182430700,True,converged,2,0,0,4.32251652490878546072987710054e-93,1.07776836837163345501020049566e-93,7,4,2,10,4,800,AMD
20260927T185153_801204Z,initial,external6_H5_n200_d0p30_e50,6,0,M6,111829951500,True,converged,2,0,0,4.32251652490878546072987710054e-93,1.07776836837163345501020049566e-93,7,4,2,10,4,800,AMD
20260927T185153_801204Z,initial,external6_H5_n200_d0p30_e50,6,1,P5,114182565000,True,converged,2,1,1,3.41604334996253305151920409298e-105,8.62226343411391464187749614003e-106,11,2,2,11,0,0,AMD
20260927T185153_801204Z,initial,external6_H5_n200_d0p30_e50,7,0,P5,114545922100,True,converged,2,1,1,3.41604334996253305151920409298e-105,8.62226343411391464187749614003e-106,11,2,2,11,0,0,AMD
20260927T185153_801204Z,initial,external6_H5_n200_d0p30_e50,7,1,M6,112148991200,True,converged,2,0,0,4.32251652490878546072987710054e-93,1.07776836837163345501020049566e-93,7,4,2,10,4,800,AMD
20260927T185153_801204Z,initial,external6_H5_n200_d0p30_e50,8,0,M6,112043938800,True,converged,2,0,0,4.32251652490878546072987710054e-93,1.07776836837163345501020049566e-93,7,4,2,10,4,800,AMD
20260927T185153_801204Z,initial,external6_H5_n200_d0p30_e50,8,1,P5,114341332100,True,converged,2,1,1,3.41604334996253305151920409298e-105,8.62226343411391464187749614003e-106,11,2,2,11,0,0,AMD
20260927T185153_801204Z,initial,external6_H5_n200_d0p30_e50,9,0,P5,114977383500,True,converged,2,1,1,3.41604334996253305151920409298e-105,8.62226343411391464187749614003e-106,11,2,2,11,0,0,AMD
20260927T185153_801204Z,initial,external6_H5_n200_d0p30_e50,9,1,M6,112309883000,True,converged,2,0,0,4.32251652490878546072987710054e-93,1.07776836837163345501020049566e-93,7,4,2,10,4,800,AMD
20260927T185153_801204Z,initial,external6_H5_n200_d0p30_e50,10,0,P5,114649923100,True,converged,2,1,1,3.41604334996253305151920409298e-105,8.62226343411391464187749614003e-106,11,2,2,11,0,0,AMD
20260927T185153_801204Z,initial,external6_H5_n200_d0p30_e50,10,1,M6,111972314300,True,converged,2,0,0,4.32251652490878546072987710054e-93,1.07776836837163345501020049566e-93,7,4,2,10,4,800,AMD
20260927T185153_801204Z,initial,external6_H5_n200_d0p30_e50,11,0,P5,114539458900,True,converged,2,1,1,3.41604334996253305151920409298e-105,8.62226343411391464187749614003e-106,11,2,2,11,0,0,AMD
20260927T185153_801204Z,initial,external6_H5_n200_d0p30_e50,11,1,M6,112385440400,True,converged,2,0,0,4.32251652490878546072987710054e-93,1.07776836837163345501020049566e-93,7,4,2,10,4,800,AMD
20260927T185153_801204Z,initial,external6_H5_n200_d0p30_e50,12,0,P5,114870815900,True,converged,2,1,1,3.41604334996253305151920409298e-105,8.62226343411391464187749614003e-106,11,2,2,11,0,0,AMD
20260927T185153_801204Z,initial,external6_H5_n200_d0p30_e50,12,1,M6,112245412500,True,converged,2,0,0,4.32251652490878546072987710054e-93,1.07776836837163345501020049566e-93,7,4,2,10,4,800,AMD
20260927T185153_801204Z,initial,external6_H5_n200_d0p30_e50,13,0,P5,114873924100,True,converged,2,1,1,3.41604334996253305151920409298e-105,8.62226343411391464187749614003e-106,11,2,2,11,0,0,AMD
20260927T185153_801204Z,initial,external6_H5_n200_d0p30_e50,13,1,M6,112193067600,True,converged,2,0,0,4.32251652490878546072987710054e-93,1.07776836837163345501020049566e-93,7,4,2,10,4,800,AMD
20260927T185153_801204Z,initial,external6_H5_n200_d0p30_e50,14,0,P5,114878900700,True,converged,2,1,1,3.41604334996253305151920409298e-105,8.62226343411391464187749614003e-106,11,2,2,11,0,0,AMD
20260927T185153_801204Z,initial,external6_H5_n200_d0p30_e50,14,1,M6,112401120400,True,converged,2,0,0,4.32251652490878546072987710054e-93,1.07776836837163345501020049566e-93,7,4,2,10,4,800,AMD
20260927T201757_680748Z,initial,external6_H5_n200_d0p30_e200,0,0,M6,172305100600,True,converged,3,0,0,6.26224056133065737973251835023e-568,1.58799103522288231432756228801e-568,10,6,3,15,6,1200,AMD
20260927T201757_680748Z,initial,external6_H5_n200_d0p30_e200,0,1,P5,179060825800,True,converged,3,2,2,3.01477157847655363312818678165e-716,7.58637615650012052040667212968e-717,16,3,3,17,0,0,AMD
20260927T201757_680748Z,initial,external6_H5_n200_d0p30_e200,1,0,P5,180194693400,True,converged,3,2,2,3.01477157847655363312818678165e-716,7.58637615650012052040667212968e-717,16,3,3,17,0,0,AMD
20260927T201757_680748Z,initial,external6_H5_n200_d0p30_e200,1,1,M6,174780358400,True,converged,3,0,0,6.26224056133065737973251835023e-568,1.58799103522288231432756228801e-568,10,6,3,15,6,1200,AMD
20260927T201757_680748Z,initial,external6_H5_n200_d0p30_e200,2,0,P5,178388147100,True,converged,3,2,2,3.01477157847655363312818678165e-716,7.58637615650012052040667212968e-717,16,3,3,17,0,0,AMD
20260927T201757_680748Z,initial,external6_H5_n200_d0p30_e200,2,1,M6,171145543400,True,converged,3,0,0,6.26224056133065737973251835023e-568,1.58799103522288231432756228801e-568,10,6,3,15,6,1200,AMD
20260927T201757_680748Z,initial,external6_H5_n200_d0p30_e200,3,0,P5,175659752800,True,converged,3,2,2,3.01477157847655363312818678165e-716,7.58637615650012052040667212968e-717,16,3,3,17,0,0,AMD
20260927T201757_680748Z,initial,external6_H5_n200_d0p30_e200,3,1,M6,170221567000,True,converged,3,0,0,6.26224056133065737973251835023e-568,1.58799103522288231432756228801e-568,10,6,3,15,6,1200,AMD
20260927T201757_680748Z,initial,external6_H5_n200_d0p30_e200,4,0,M6,167630174600,True,converged,3,0,0,6.26224056133065737973251835023e-568,1.58799103522288231432756228801e-568,10,6,3,15,6,1200,AMD
20260927T201757_680748Z,initial,external6_H5_n200_d0p30_e200,4,1,P5,172608027100,True,converged,3,2,2,3.01477157847655363312818678165e-716,7.58637615650012052040667212968e-717,16,3,3,17,0,0,AMD
20260927T201757_680748Z,initial,external6_H5_n200_d0p30_e200,5,0,P5,173264423600,True,converged,3,2,2,3.01477157847655363312818678165e-716,7.58637615650012052040667212968e-717,16,3,3,17,0,0,AMD
20260927T201757_680748Z,initial,external6_H5_n200_d0p30_e200,5,1,M6,168186298800,True,converged,3,0,0,6.26224056133065737973251835023e-568,1.58799103522288231432756228801e-568,10,6,3,15,6,1200,AMD
20260927T201757_680748Z,initial,external6_H5_n200_d0p30_e200,6,0,P5,172557489800,True,converged,3,2,2,3.01477157847655363312818678165e-716,7.58637615650012052040667212968e-717,16,3,3,17,0,0,AMD
20260927T201757_680748Z,initial,external6_H5_n200_d0p30_e200,6,1,M6,167678491500,True,converged,3,0,0,6.26224056133065737973251835023e-568,1.58799103522288231432756228801e-568,10,6,3,15,6,1200,AMD
20260927T201757_680748Z,initial,external6_H5_n200_d0p30_e200,7,0,P5,172386819500,True,converged,3,2,2,3.01477157847655363312818678165e-716,7.58637615650012052040667212968e-717,16,3,3,17,0,0,AMD
20260927T201757_680748Z,initial,external6_H5_n200_d0p30_e200,7,1,M6,167982815300,True,converged,3,0,0,6.26224056133065737973251835023e-568,1.58799103522288231432756228801e-568,10,6,3,15,6,1200,AMD
20260927T201757_680748Z,initial,external6_H5_n200_d0p30_e200,8,0,P5,172717232500,True,converged,3,2,2,3.01477157847655363312818678165e-716,7.58637615650012052040667212968e-717,16,3,3,17,0,0,AMD
20260927T201757_680748Z,initial,external6_H5_n200_d0p30_e200,8,1,M6,168115080300,True,converged,3,0,0,6.26224056133065737973251835023e-568,1.58799103522288231432756228801e-568,10,6,3,15,6,1200,AMD
20260927T201757_680748Z,initial,external6_H5_n200_d0p30_e200,9,0,M6,167661207800,True,converged,3,0,0,6.26224056133065737973251835023e-568,1.58799103522288231432756228801e-568,10,6,3,15,6,1200,AMD
20260927T201757_680748Z,initial,external6_H5_n200_d0p30_e200,9,1,P5,174751534500,True,converged,3,2,2,3.01477157847655363312818678165e-716,7.58637615650012052040667212968e-717,16,3,3,17,0,0,AMD
20260927T201757_680748Z,initial,external6_H5_n200_d0p30_e200,10,0,M6,171325932500,True,converged,3,0,0,6.26224056133065737973251835023e-568,1.58799103522288231432756228801e-568,10,6,3,15,6,1200,AMD
20260927T201757_680748Z,initial,external6_H5_n200_d0p30_e200,10,1,P5,178284687600,True,converged,3,2,2,3.01477157847655363312818678165e-716,7.58637615650012052040667212968e-717,16,3,3,17,0,0,AMD
20260927T201757_680748Z,initial,external6_H5_n200_d0p30_e200,11,0,M6,171843887800,True,converged,3,0,0,6.26224056133065737973251835023e-568,1.58799103522288231432756228801e-568,10,6,3,15,6,1200,AMD
20260927T201757_680748Z,initial,external6_H5_n200_d0p30_e200,11,1,P5,176446850900,True,converged,3,2,2,3.01477157847655363312818678165e-716,7.58637615650012052040667212968e-717,16,3,3,17,0,0,AMD
20260927T201757_680748Z,initial,external6_H5_n200_d0p30_e200,12,0,P5,176126698200,True,converged,3,2,2,3.01477157847655363312818678165e-716,7.58637615650012052040667212968e-717,16,3,3,17,0,0,AMD
20260927T201757_680748Z,initial,external6_H5_n200_d0p30_e200,12,1,M6,171084189300,True,converged,3,0,0,6.26224056133065737973251835023e-568,1.58799103522288231432756228801e-568,10,6,3,15,6,1200,AMD
20260927T201757_680748Z,initial,external6_H5_n200_d0p30_e200,13,0,M6,171044698700,True,converged,3,0,0,6.26224056133065737973251835023e-568,1.58799103522288231432756228801e-568,10,6,3,15,6,1200,AMD
20260927T201757_680748Z,initial,external6_H5_n200_d0p30_e200,13,1,P5,177318293800,True,converged,3,2,2,3.01477157847655363312818678165e-716,7.58637615650012052040667212968e-717,16,3,3,17,0,0,AMD
20260927T201757_680748Z,initial,external6_H5_n200_d0p30_e200,14,0,M6,171347160800,True,converged,3,0,0,6.26224056133065737973251835023e-568,1.58799103522288231432756228801e-568,10,6,3,15,6,1200,AMD
20260927T201757_680748Z,initial,external6_H5_n200_d0p30_e200,14,1,P5,176136560700,True,converged,3,2,2,3.01477157847655363312818678165e-716,7.58637615650012052040667212968e-717,16,3,3,17,0,0,AMD
20260930T231132_157945Z,extension,external6_H5_n200_d0p30_e200,15,0,P5,172920031400,True,converged,3,2,2,3.01477157847655363312818678165e-716,7.58637615650012052040667212968e-717,16,3,3,17,0,0,AMD
20260930T231132_157945Z,extension,external6_H5_n200_d0p30_e200,15,1,M6,168425301400,True,converged,3,0,0,6.26224056133065737973251835023e-568,1.58799103522288231432756228801e-568,10,6,3,15,6,1200,AMD
20260930T231132_157945Z,extension,external6_H5_n200_d0p30_e200,16,0,M6,167765020400,True,converged,3,0,0,6.26224056133065737973251835023e-568,1.58799103522288231432756228801e-568,10,6,3,15,6,1200,AMD
20260930T231132_157945Z,extension,external6_H5_n200_d0p30_e200,16,1,P5,172819553400,True,converged,3,2,2,3.01477157847655363312818678165e-716,7.58637615650012052040667212968e-717,16,3,3,17,0,0,AMD
20260930T231132_157945Z,extension,external6_H5_n200_d0p30_e200,17,0,M6,168101922500,True,converged,3,0,0,6.26224056133065737973251835023e-568,1.58799103522288231432756228801e-568,10,6,3,15,6,1200,AMD
20260930T231132_157945Z,extension,external6_H5_n200_d0p30_e200,17,1,P5,172674165200,True,converged,3,2,2,3.01477157847655363312818678165e-716,7.58637615650012052040667212968e-717,16,3,3,17,0,0,AMD
20260930T231132_157945Z,extension,external6_H5_n200_d0p30_e200,18,0,M6,169238183700,True,converged,3,0,0,6.26224056133065737973251835023e-568,1.58799103522288231432756228801e-568,10,6,3,15,6,1200,AMD
20260930T231132_157945Z,extension,external6_H5_n200_d0p30_e200,18,1,P5,173610325600,True,converged,3,2,2,3.01477157847655363312818678165e-716,7.58637615650012052040667212968e-717,16,3,3,17,0,0,AMD
20260930T231132_157945Z,extension,external6_H5_n200_d0p30_e200,19,0,P5,174994968600,True,converged,3,2,2,3.01477157847655363312818678165e-716,7.58637615650012052040667212968e-717,16,3,3,17,0,0,AMD
20260930T231132_157945Z,extension,external6_H5_n200_d0p30_e200,19,1,M6,169198725500,True,converged,3,0,0,6.26224056133065737973251835023e-568,1.58799103522288231432756228801e-568,10,6,3,15,6,1200,AMD
20260930T231132_157945Z,extension,external6_H5_n200_d0p30_e200,20,0,M6,168151607800,True,converged,3,0,0,6.26224056133065737973251835023e-568,1.58799103522288231432756228801e-568,10,6,3,15,6,1200,AMD
20260930T231132_157945Z,extension,external6_H5_n200_d0p30_e200,20,1,P5,173447791800,True,converged,3,2,2,3.01477157847655363312818678165e-716,7.58637615650012052040667212968e-717,16,3,3,17,0,0,AMD
20260930T231132_157945Z,extension,external6_H5_n200_d0p30_e200,21,0,M6,168650979900,True,converged,3,0,0,6.26224056133065737973251835023e-568,1.58799103522288231432756228801e-568,10,6,3,15,6,1200,AMD
20260930T231132_157945Z,extension,external6_H5_n200_d0p30_e200,21,1,P5,173755771200,True,converged,3,2,2,3.01477157847655363312818678165e-716,7.58637615650012052040667212968e-717,16,3,3,17,0,0,AMD
20260930T231132_157945Z,extension,external6_H5_n200_d0p30_e200,22,0,M6,169053783100,True,converged,3,0,0,6.26224056133065737973251835023e-568,1.58799103522288231432756228801e-568,10,6,3,15,6,1200,AMD
20260930T231132_157945Z,extension,external6_H5_n200_d0p30_e200,22,1,P5,173722534000,True,converged,3,2,2,3.01477157847655363312818678165e-716,7.58637615650012052040667212968e-717,16,3,3,17,0,0,AMD
20260930T231132_157945Z,extension,external6_H5_n200_d0p30_e200,23,0,M6,169169158000,True,converged,3,0,0,6.26224056133065737973251835023e-568,1.58799103522288231432756228801e-568,10,6,3,15,6,1200,AMD
20260930T231132_157945Z,extension,external6_H5_n200_d0p30_e200,23,1,P5,173687591000,True,converged,3,2,2,3.01477157847655363312818678165e-716,7.58637615650012052040667212968e-717,16,3,3,17,0,0,AMD
20260930T231132_157945Z,extension,external6_H5_n200_d0p30_e200,24,0,P5,174424670300,True,converged,3,2,2,3.01477157847655363312818678165e-716,7.58637615650012052040667212968e-717,16,3,3,17,0,0,AMD
20260930T231132_157945Z,extension,external6_H5_n200_d0p30_e200,24,1,M6,168859761800,True,converged,3,0,0,6.26224056133065737973251835023e-568,1.58799103522288231432756228801e-568,10,6,3,15,6,1200,AMD
20260930T231132_157945Z,extension,external6_H5_n200_d0p30_e200,25,0,P5,173683062600,True,converged,3,2,2,3.01477157847655363312818678165e-716,7.58637615650012052040667212968e-717,16,3,3,17,0,0,AMD
20260930T231132_157945Z,extension,external6_H5_n200_d0p30_e200,25,1,M6,169648476500,True,converged,3,0,0,6.26224056133065737973251835023e-568,1.58799103522288231432756228801e-568,10,6,3,15,6,1200,AMD
20260930T231132_157945Z,extension,external6_H5_n200_d0p30_e200,26,0,P5,173597732800,True,converged,3,2,2,3.01477157847655363312818678165e-716,7.58637615650012052040667212968e-717,16,3,3,17,0,0,AMD
20260930T231132_157945Z,extension,external6_H5_n200_d0p30_e200,26,1,M6,168857985100,True,converged,3,0,0,6.26224056133065737973251835023e-568,1.58799103522288231432756228801e-568,10,6,3,15,6,1200,AMD
20260930T231132_157945Z,extension,external6_H5_n200_d0p30_e200,27,0,P5,173275995800,True,converged,3,2,2,3.01477157847655363312818678165e-716,7.58637615650012052040667212968e-717,16,3,3,17,0,0,AMD
20260930T231132_157945Z,extension,external6_H5_n200_d0p30_e200,27,1,M6,169582449700,True,converged,3,0,0,6.26224056133065737973251835023e-568,1.58799103522288231432756228801e-568,10,6,3,15,6,1200,AMD
20260930T231132_157945Z,extension,external6_H5_n200_d0p30_e200,28,0,M6,168810121100,True,converged,3,0,0,6.26224056133065737973251835023e-568,1.58799103522288231432756228801e-568,10,6,3,15,6,1200,AMD
20260930T231132_157945Z,extension,external6_H5_n200_d0p30_e200,28,1,P5,173792895300,True,converged,3,2,2,3.01477157847655363312818678165e-716,7.58637615650012052040667212968e-717,16,3,3,17,0,0,AMD
20260930T231132_157945Z,extension,external6_H5_n200_d0p30_e200,29,0,P5,174132607300,True,converged,3,2,2,3.01477157847655363312818678165e-716,7.58637615650012052040667212968e-717,16,3,3,17,0,0,AMD
20260930T231132_157945Z,extension,external6_H5_n200_d0p30_e200,29,1,M6,168895048900,True,converged,3,0,0,6.26224056133065737973251835023e-568,1.58799103522288231432756228801e-568,10,6,3,15,6,1200,AMD
20260930T231132_157945Z,extension,external6_H5_n200_d0p30_e200,30,0,P5,173749752300,True,converged,3,2,2,3.01477157847655363312818678165e-716,7.58637615650012052040667212968e-717,16,3,3,17,0,0,AMD
20260930T231132_157945Z,extension,external6_H5_n200_d0p30_e200,30,1,M6,168680034600,True,converged,3,0,0,6.26224056133065737973251835023e-568,1.58799103522288231432756228801e-568,10,6,3,15,6,1200,AMD
20260927T221703_785832Z,initial,external6_H5_n200_d0p30_e800,0,0,P5,225694616000,True,converged,4,3,3,0.0,0.0,21,4,4,23,0,0,AMD
20260927T221703_785832Z,initial,external6_H5_n200_d0p30_e800,0,1,M6,225924624900,True,converged,4,0,0,7.15135442427736935126106854070e-1301,1.77577826454286375300969246787e-1301,13,8,4,20,8,1600,AMD
20260927T221703_785832Z,initial,external6_H5_n200_d0p30_e800,1,0,P5,229187042400,True,converged,4,3,3,0.0,0.0,21,4,4,23,0,0,AMD
20260927T221703_785832Z,initial,external6_H5_n200_d0p30_e800,1,1,M6,226469989000,True,converged,4,0,0,7.15135442427736935126106854070e-1301,1.77577826454286375300969246787e-1301,13,8,4,20,8,1600,AMD
20260927T221703_785832Z,initial,external6_H5_n200_d0p30_e800,2,0,P5,228295551800,True,converged,4,3,3,0.0,0.0,21,4,4,23,0,0,AMD
20260927T221703_785832Z,initial,external6_H5_n200_d0p30_e800,2,1,M6,227490200900,True,converged,4,0,0,7.15135442427736935126106854070e-1301,1.77577826454286375300969246787e-1301,13,8,4,20,8,1600,AMD
20260927T221703_785832Z,initial,external6_H5_n200_d0p30_e800,3,0,M6,229150395600,True,converged,4,0,0,7.15135442427736935126106854070e-1301,1.77577826454286375300969246787e-1301,13,8,4,20,8,1600,AMD
20260927T221703_785832Z,initial,external6_H5_n200_d0p30_e800,3,1,P5,232592911400,True,converged,4,3,3,0.0,0.0,21,4,4,23,0,0,AMD
20260927T221703_785832Z,initial,external6_H5_n200_d0p30_e800,4,0,M6,232248765900,True,converged,4,0,0,7.15135442427736935126106854070e-1301,1.77577826454286375300969246787e-1301,13,8,4,20,8,1600,AMD
20260927T221703_785832Z,initial,external6_H5_n200_d0p30_e800,4,1,P5,240123611700,True,converged,4,3,3,0.0,0.0,21,4,4,23,0,0,AMD
20260927T221703_785832Z,initial,external6_H5_n200_d0p30_e800,5,0,P5,228103750000,True,converged,4,3,3,0.0,0.0,21,4,4,23,0,0,AMD
20260927T221703_785832Z,initial,external6_H5_n200_d0p30_e800,5,1,M6,235488174800,True,converged,4,0,0,7.15135442427736935126106854070e-1301,1.77577826454286375300969246787e-1301,13,8,4,20,8,1600,AMD
20260927T221703_785832Z,initial,external6_H5_n200_d0p30_e800,6,0,P5,241368298900,True,converged,4,3,3,0.0,0.0,21,4,4,23,0,0,AMD
20260927T221703_785832Z,initial,external6_H5_n200_d0p30_e800,6,1,M6,231033283900,True,converged,4,0,0,7.15135442427736935126106854070e-1301,1.77577826454286375300969246787e-1301,13,8,4,20,8,1600,AMD
20260927T221703_785832Z,initial,external6_H5_n200_d0p30_e800,7,0,P5,230676635500,True,converged,4,3,3,0.0,0.0,21,4,4,23,0,0,AMD
20260927T221703_785832Z,initial,external6_H5_n200_d0p30_e800,7,1,M6,230410439100,True,converged,4,0,0,7.15135442427736935126106854070e-1301,1.77577826454286375300969246787e-1301,13,8,4,20,8,1600,AMD
20260927T221703_785832Z,initial,external6_H5_n200_d0p30_e800,8,0,M6,229357005500,True,converged,4,0,0,7.15135442427736935126106854070e-1301,1.77577826454286375300969246787e-1301,13,8,4,20,8,1600,AMD
20260927T221703_785832Z,initial,external6_H5_n200_d0p30_e800,8,1,P5,229356387200,True,converged,4,3,3,0.0,0.0,21,4,4,23,0,0,AMD
20260927T221703_785832Z,initial,external6_H5_n200_d0p30_e800,9,0,M6,229400842100,True,converged,4,0,0,7.15135442427736935126106854070e-1301,1.77577826454286375300969246787e-1301,13,8,4,20,8,1600,AMD
20260927T221703_785832Z,initial,external6_H5_n200_d0p30_e800,9,1,P5,229406336800,True,converged,4,3,3,0.0,0.0,21,4,4,23,0,0,AMD
20260927T221703_785832Z,initial,external6_H5_n200_d0p30_e800,10,0,M6,227476382500,True,converged,4,0,0,7.15135442427736935126106854070e-1301,1.77577826454286375300969246787e-1301,13,8,4,20,8,1600,AMD
20260927T221703_785832Z,initial,external6_H5_n200_d0p30_e800,10,1,P5,229796171400,True,converged,4,3,3,0.0,0.0,21,4,4,23,0,0,AMD
20260927T221703_785832Z,initial,external6_H5_n200_d0p30_e800,11,0,P5,231844266200,True,converged,4,3,3,0.0,0.0,21,4,4,23,0,0,AMD
20260927T221703_785832Z,initial,external6_H5_n200_d0p30_e800,11,1,M6,228536857500,True,converged,4,0,0,7.15135442427736935126106854070e-1301,1.77577826454286375300969246787e-1301,13,8,4,20,8,1600,AMD
20260927T221703_785832Z,initial,external6_H5_n200_d0p30_e800,12,0,P5,228286339400,True,converged,4,3,3,0.0,0.0,21,4,4,23,0,0,AMD
20260927T221703_785832Z,initial,external6_H5_n200_d0p30_e800,12,1,M6,227531275900,True,converged,4,0,0,7.15135442427736935126106854070e-1301,1.77577826454286375300969246787e-1301,13,8,4,20,8,1600,AMD
20260927T221703_785832Z,initial,external6_H5_n200_d0p30_e800,13,0,P5,228194304500,True,converged,4,3,3,0.0,0.0,21,4,4,23,0,0,AMD
20260927T221703_785832Z,initial,external6_H5_n200_d0p30_e800,13,1,M6,234609478000,True,converged,4,0,0,7.15135442427736935126106854070e-1301,1.77577826454286375300969246787e-1301,13,8,4,20,8,1600,AMD
20260927T221703_785832Z,initial,external6_H5_n200_d0p30_e800,14,0,P5,243121507900,True,converged,4,3,3,0.0,0.0,21,4,4,23,0,0,AMD
20260927T221703_785832Z,initial,external6_H5_n200_d0p30_e800,14,1,M6,249236797100,True,converged,4,0,0,7.15135442427736935126106854070e-1301,1.77577826454286375300969246787e-1301,13,8,4,20,8,1600,AMD
20261001T011431_397570Z,extension,external6_H5_n200_d0p30_e800,15,0,M6,221322167200,True,converged,4,0,0,7.15135442427736935126106854070e-1301,1.77577826454286375300969246787e-1301,13,8,4,20,8,1600,AMD
20261001T011431_397570Z,extension,external6_H5_n200_d0p30_e800,15,1,P5,234515084600,True,converged,4,3,3,0.0,0.0,21,4,4,23,0,0,AMD
20261001T011431_397570Z,extension,external6_H5_n200_d0p30_e800,16,0,P5,237881708900,True,converged,4,3,3,0.0,0.0,21,4,4,23,0,0,AMD
20261001T011431_397570Z,extension,external6_H5_n200_d0p30_e800,16,1,M6,237510740900,True,converged,4,0,0,7.15135442427736935126106854070e-1301,1.77577826454286375300969246787e-1301,13,8,4,20,8,1600,AMD
20261001T011431_397570Z,extension,external6_H5_n200_d0p30_e800,17,0,M6,228626515500,True,converged,4,0,0,7.15135442427736935126106854070e-1301,1.77577826454286375300969246787e-1301,13,8,4,20,8,1600,AMD
20261001T011431_397570Z,extension,external6_H5_n200_d0p30_e800,17,1,P5,228815399500,True,converged,4,3,3,0.0,0.0,21,4,4,23,0,0,AMD
20261001T011431_397570Z,extension,external6_H5_n200_d0p30_e800,18,0,P5,231943801800,True,converged,4,3,3,0.0,0.0,21,4,4,23,0,0,AMD
20261001T011431_397570Z,extension,external6_H5_n200_d0p30_e800,18,1,M6,229245035100,True,converged,4,0,0,7.15135442427736935126106854070e-1301,1.77577826454286375300969246787e-1301,13,8,4,20,8,1600,AMD
20261001T011431_397570Z,extension,external6_H5_n200_d0p30_e800,19,0,P5,228718583700,True,converged,4,3,3,0.0,0.0,21,4,4,23,0,0,AMD
20261001T011431_397570Z,extension,external6_H5_n200_d0p30_e800,19,1,M6,227487333900,True,converged,4,0,0,7.15135442427736935126106854070e-1301,1.77577826454286375300969246787e-1301,13,8,4,20,8,1600,AMD
20261001T011431_397570Z,extension,external6_H5_n200_d0p30_e800,20,0,P5,226322542400,True,converged,4,3,3,0.0,0.0,21,4,4,23,0,0,AMD
20261001T011431_397570Z,extension,external6_H5_n200_d0p30_e800,20,1,M6,221330044200,True,converged,4,0,0,7.15135442427736935126106854070e-1301,1.77577826454286375300969246787e-1301,13,8,4,20,8,1600,AMD
20261001T011431_397570Z,extension,external6_H5_n200_d0p30_e800,21,0,M6,222932056300,True,converged,4,0,0,7.15135442427736935126106854070e-1301,1.77577826454286375300969246787e-1301,13,8,4,20,8,1600,AMD
20261001T011431_397570Z,extension,external6_H5_n200_d0p30_e800,21,1,P5,221434439600,True,converged,4,3,3,0.0,0.0,21,4,4,23,0,0,AMD
20261001T011431_397570Z,extension,external6_H5_n200_d0p30_e800,22,0,M6,220121290600,True,converged,4,0,0,7.15135442427736935126106854070e-1301,1.77577826454286375300969246787e-1301,13,8,4,20,8,1600,AMD
20261001T011431_397570Z,extension,external6_H5_n200_d0p30_e800,22,1,P5,221571493100,True,converged,4,3,3,0.0,0.0,21,4,4,23,0,0,AMD
20261001T011431_397570Z,extension,external6_H5_n200_d0p30_e800,23,0,P5,222123568500,True,converged,4,3,3,0.0,0.0,21,4,4,23,0,0,AMD
20261001T011431_397570Z,extension,external6_H5_n200_d0p30_e800,23,1,M6,220802248800,True,converged,4,0,0,7.15135442427736935126106854070e-1301,1.77577826454286375300969246787e-1301,13,8,4,20,8,1600,AMD
20261001T011431_397570Z,extension,external6_H5_n200_d0p30_e800,24,0,M6,220334961200,True,converged,4,0,0,7.15135442427736935126106854070e-1301,1.77577826454286375300969246787e-1301,13,8,4,20,8,1600,AMD
20261001T011431_397570Z,extension,external6_H5_n200_d0p30_e800,24,1,P5,221898380200,True,converged,4,3,3,0.0,0.0,21,4,4,23,0,0,AMD
20261001T011431_397570Z,extension,external6_H5_n200_d0p30_e800,25,0,P5,221581743700,True,converged,4,3,3,0.0,0.0,21,4,4,23,0,0,AMD
20261001T011431_397570Z,extension,external6_H5_n200_d0p30_e800,25,1,M6,220150627500,True,converged,4,0,0,7.15135442427736935126106854070e-1301,1.77577826454286375300969246787e-1301,13,8,4,20,8,1600,AMD
20261001T011431_397570Z,extension,external6_H5_n200_d0p30_e800,26,0,M6,219517933400,True,converged,4,0,0,7.15135442427736935126106854070e-1301,1.77577826454286375300969246787e-1301,13,8,4,20,8,1600,AMD
20261001T011431_397570Z,extension,external6_H5_n200_d0p30_e800,26,1,P5,221625527900,True,converged,4,3,3,0.0,0.0,21,4,4,23,0,0,AMD
20261001T011431_397570Z,extension,external6_H5_n200_d0p30_e800,27,0,M6,221217953400,True,converged,4,0,0,7.15135442427736935126106854070e-1301,1.77577826454286375300969246787e-1301,13,8,4,20,8,1600,AMD
20261001T011431_397570Z,extension,external6_H5_n200_d0p30_e800,27,1,P5,221387269500,True,converged,4,3,3,0.0,0.0,21,4,4,23,0,0,AMD
20261001T011431_397570Z,extension,external6_H5_n200_d0p30_e800,28,0,M6,220530141900,True,converged,4,0,0,7.15135442427736935126106854070e-1301,1.77577826454286375300969246787e-1301,13,8,4,20,8,1600,AMD
20261001T011431_397570Z,extension,external6_H5_n200_d0p30_e800,28,1,P5,221733909500,True,converged,4,3,3,0.0,0.0,21,4,4,23,0,0,AMD
20261001T011431_397570Z,extension,external6_H5_n200_d0p30_e800,29,0,P5,222175835700,True,converged,4,3,3,0.0,0.0,21,4,4,23,0,0,AMD
20261001T011431_397570Z,extension,external6_H5_n200_d0p30_e800,29,1,M6,221011673300,True,converged,4,0,0,7.15135442427736935126106854070e-1301,1.77577826454286375300969246787e-1301,13,8,4,20,8,1600,AMD
20261001T011431_397570Z,extension,external6_H5_n200_d0p30_e800,30,0,P5,221491854800,True,converged,4,3,3,0.0,0.0,21,4,4,23,0,0,AMD
20261001T011431_397570Z,extension,external6_H5_n200_d0p30_e800,30,1,M6,220912467900,True,converged,4,0,0,7.15135442427736935126106854070e-1301,1.77577826454286375300969246787e-1301,13,8,4,20,8,1600,AMD
20260928T005453_704516Z,initial,external6_H5_n200_d0p30_e1024,0,0,P5,223500518600,True,converged,4,3,3,0.0,0.0,21,4,4,23,0,0,AMD
20260928T005453_704516Z,initial,external6_H5_n200_d0p30_e1024,0,1,M6,223834197500,True,converged,4,0,0,7.15135442427736935126106854070e-1301,1.77577826454286375300969246787e-1301,13,8,4,20,8,1600,AMD
20260928T005453_704516Z,initial,external6_H5_n200_d0p30_e1024,1,0,P5,224263010900,True,converged,4,3,3,0.0,0.0,21,4,4,23,0,0,AMD
20260928T005453_704516Z,initial,external6_H5_n200_d0p30_e1024,1,1,M6,223337591100,True,converged,4,0,0,7.15135442427736935126106854070e-1301,1.77577826454286375300969246787e-1301,13,8,4,20,8,1600,AMD
20260928T005453_704516Z,initial,external6_H5_n200_d0p30_e1024,2,0,M6,223292561200,True,converged,4,0,0,7.15135442427736935126106854070e-1301,1.77577826454286375300969246787e-1301,13,8,4,20,8,1600,AMD
20260928T005453_704516Z,initial,external6_H5_n200_d0p30_e1024,2,1,P5,224419440600,True,converged,4,3,3,0.0,0.0,21,4,4,23,0,0,AMD
20260928T005453_704516Z,initial,external6_H5_n200_d0p30_e1024,3,0,M6,223596772800,True,converged,4,0,0,7.15135442427736935126106854070e-1301,1.77577826454286375300969246787e-1301,13,8,4,20,8,1600,AMD
20260928T005453_704516Z,initial,external6_H5_n200_d0p30_e1024,3,1,P5,224520442500,True,converged,4,3,3,0.0,0.0,21,4,4,23,0,0,AMD
20260928T005453_704516Z,initial,external6_H5_n200_d0p30_e1024,4,0,P5,225322284500,True,converged,4,3,3,0.0,0.0,21,4,4,23,0,0,AMD
20260928T005453_704516Z,initial,external6_H5_n200_d0p30_e1024,4,1,M6,234801644100,True,converged,4,0,0,7.15135442427736935126106854070e-1301,1.77577826454286375300969246787e-1301,13,8,4,20,8,1600,AMD
20260928T005453_704516Z,initial,external6_H5_n200_d0p30_e1024,5,0,M6,230994001400,True,converged,4,0,0,7.15135442427736935126106854070e-1301,1.77577826454286375300969246787e-1301,13,8,4,20,8,1600,AMD
20260928T005453_704516Z,initial,external6_H5_n200_d0p30_e1024,5,1,P5,223994185400,True,converged,4,3,3,0.0,0.0,21,4,4,23,0,0,AMD
20260928T005453_704516Z,initial,external6_H5_n200_d0p30_e1024,6,0,M6,223227791300,True,converged,4,0,0,7.15135442427736935126106854070e-1301,1.77577826454286375300969246787e-1301,13,8,4,20,8,1600,AMD
20260928T005453_704516Z,initial,external6_H5_n200_d0p30_e1024,6,1,P5,223860862400,True,converged,4,3,3,0.0,0.0,21,4,4,23,0,0,AMD
20260928T005453_704516Z,initial,external6_H5_n200_d0p30_e1024,7,0,M6,223329840300,True,converged,4,0,0,7.15135442427736935126106854070e-1301,1.77577826454286375300969246787e-1301,13,8,4,20,8,1600,AMD
20260928T005453_704516Z,initial,external6_H5_n200_d0p30_e1024,7,1,P5,224826256200,True,converged,4,3,3,0.0,0.0,21,4,4,23,0,0,AMD
20260928T005453_704516Z,initial,external6_H5_n200_d0p30_e1024,8,0,M6,223411599700,True,converged,4,0,0,7.15135442427736935126106854070e-1301,1.77577826454286375300969246787e-1301,13,8,4,20,8,1600,AMD
20260928T005453_704516Z,initial,external6_H5_n200_d0p30_e1024,8,1,P5,223675769800,True,converged,4,3,3,0.0,0.0,21,4,4,23,0,0,AMD
20260928T005453_704516Z,initial,external6_H5_n200_d0p30_e1024,9,0,P5,228698437100,True,converged,4,3,3,0.0,0.0,21,4,4,23,0,0,AMD
20260928T005453_704516Z,initial,external6_H5_n200_d0p30_e1024,9,1,M6,223572914000,True,converged,4,0,0,7.15135442427736935126106854070e-1301,1.77577826454286375300969246787e-1301,13,8,4,20,8,1600,AMD
20260928T005453_704516Z,initial,external6_H5_n200_d0p30_e1024,10,0,P5,223097963700,True,converged,4,3,3,0.0,0.0,21,4,4,23,0,0,AMD
20260928T005453_704516Z,initial,external6_H5_n200_d0p30_e1024,10,1,M6,221761079400,True,converged,4,0,0,7.15135442427736935126106854070e-1301,1.77577826454286375300969246787e-1301,13,8,4,20,8,1600,AMD
20260928T005453_704516Z,initial,external6_H5_n200_d0p30_e1024,11,0,M6,221000609100,True,converged,4,0,0,7.15135442427736935126106854070e-1301,1.77577826454286375300969246787e-1301,13,8,4,20,8,1600,AMD
20260928T005453_704516Z,initial,external6_H5_n200_d0p30_e1024,11,1,P5,222429908700,True,converged,4,3,3,0.0,0.0,21,4,4,23,0,0,AMD
20260928T005453_704516Z,initial,external6_H5_n200_d0p30_e1024,12,0,M6,221257971300,True,converged,4,0,0,7.15135442427736935126106854070e-1301,1.77577826454286375300969246787e-1301,13,8,4,20,8,1600,AMD
20260928T005453_704516Z,initial,external6_H5_n200_d0p30_e1024,12,1,P5,222031550900,True,converged,4,3,3,0.0,0.0,21,4,4,23,0,0,AMD
20260928T005453_704516Z,initial,external6_H5_n200_d0p30_e1024,13,0,M6,223175406600,True,converged,4,0,0,7.15135442427736935126106854070e-1301,1.77577826454286375300969246787e-1301,13,8,4,20,8,1600,AMD
20260928T005453_704516Z,initial,external6_H5_n200_d0p30_e1024,13,1,P5,226460602400,True,converged,4,3,3,0.0,0.0,21,4,4,23,0,0,AMD
20260928T005453_704516Z,initial,external6_H5_n200_d0p30_e1024,14,0,P5,225823540700,True,converged,4,3,3,0.0,0.0,21,4,4,23,0,0,AMD
20260928T005453_704516Z,initial,external6_H5_n200_d0p30_e1024,14,1,M6,223880027700,True,converged,4,0,0,7.15135442427736935126106854070e-1301,1.77577826454286375300969246787e-1301,13,8,4,20,8,1600,AMD
20261001T035620_294224Z,extension,external6_H5_n200_d0p30_e1024,15,0,P5,221301644800,True,converged,4,3,3,0.0,0.0,21,4,4,23,0,0,AMD
20261001T035620_294224Z,extension,external6_H5_n200_d0p30_e1024,15,1,M6,219884990600,True,converged,4,0,0,7.15135442427736935126106854070e-1301,1.77577826454286375300969246787e-1301,13,8,4,20,8,1600,AMD
20261001T035620_294224Z,extension,external6_H5_n200_d0p30_e1024,16,0,P5,221004181700,True,converged,4,3,3,0.0,0.0,21,4,4,23,0,0,AMD
20261001T035620_294224Z,extension,external6_H5_n200_d0p30_e1024,16,1,M6,220124389700,True,converged,4,0,0,7.15135442427736935126106854070e-1301,1.77577826454286375300969246787e-1301,13,8,4,20,8,1600,AMD
20261001T035620_294224Z,extension,external6_H5_n200_d0p30_e1024,17,0,M6,219382078300,True,converged,4,0,0,7.15135442427736935126106854070e-1301,1.77577826454286375300969246787e-1301,13,8,4,20,8,1600,AMD
20261001T035620_294224Z,extension,external6_H5_n200_d0p30_e1024,17,1,P5,221238778900,True,converged,4,3,3,0.0,0.0,21,4,4,23,0,0,AMD
20261001T035620_294224Z,extension,external6_H5_n200_d0p30_e1024,18,0,P5,222653453800,True,converged,4,3,3,0.0,0.0,21,4,4,23,0,0,AMD
20261001T035620_294224Z,extension,external6_H5_n200_d0p30_e1024,18,1,M6,220744443600,True,converged,4,0,0,7.15135442427736935126106854070e-1301,1.77577826454286375300969246787e-1301,13,8,4,20,8,1600,AMD
20261001T035620_294224Z,extension,external6_H5_n200_d0p30_e1024,19,0,P5,221113090800,True,converged,4,3,3,0.0,0.0,21,4,4,23,0,0,AMD
20261001T035620_294224Z,extension,external6_H5_n200_d0p30_e1024,19,1,M6,220217499200,True,converged,4,0,0,7.15135442427736935126106854070e-1301,1.77577826454286375300969246787e-1301,13,8,4,20,8,1600,AMD
20261001T035620_294224Z,extension,external6_H5_n200_d0p30_e1024,20,0,M6,219223017100,True,converged,4,0,0,7.15135442427736935126106854070e-1301,1.77577826454286375300969246787e-1301,13,8,4,20,8,1600,AMD
20261001T035620_294224Z,extension,external6_H5_n200_d0p30_e1024,20,1,P5,221303297100,True,converged,4,3,3,0.0,0.0,21,4,4,23,0,0,AMD
20261001T035620_294224Z,extension,external6_H5_n200_d0p30_e1024,21,0,P5,222348362800,True,converged,4,3,3,0.0,0.0,21,4,4,23,0,0,AMD
20261001T035620_294224Z,extension,external6_H5_n200_d0p30_e1024,21,1,M6,220527247800,True,converged,4,0,0,7.15135442427736935126106854070e-1301,1.77577826454286375300969246787e-1301,13,8,4,20,8,1600,AMD
20261001T035620_294224Z,extension,external6_H5_n200_d0p30_e1024,22,0,P5,221721562900,True,converged,4,3,3,0.0,0.0,21,4,4,23,0,0,AMD
20261001T035620_294224Z,extension,external6_H5_n200_d0p30_e1024,22,1,M6,220573921200,True,converged,4,0,0,7.15135442427736935126106854070e-1301,1.77577826454286375300969246787e-1301,13,8,4,20,8,1600,AMD
20261001T035620_294224Z,extension,external6_H5_n200_d0p30_e1024,23,0,M6,219825051900,True,converged,4,0,0,7.15135442427736935126106854070e-1301,1.77577826454286375300969246787e-1301,13,8,4,20,8,1600,AMD
20261001T035620_294224Z,extension,external6_H5_n200_d0p30_e1024,23,1,P5,221090867100,True,converged,4,3,3,0.0,0.0,21,4,4,23,0,0,AMD
20261001T035620_294224Z,extension,external6_H5_n200_d0p30_e1024,24,0,P5,222518376200,True,converged,4,3,3,0.0,0.0,21,4,4,23,0,0,AMD
20261001T035620_294224Z,extension,external6_H5_n200_d0p30_e1024,24,1,M6,220618974200,True,converged,4,0,0,7.15135442427736935126106854070e-1301,1.77577826454286375300969246787e-1301,13,8,4,20,8,1600,AMD
20261001T035620_294224Z,extension,external6_H5_n200_d0p30_e1024,25,0,P5,221254609600,True,converged,4,3,3,0.0,0.0,21,4,4,23,0,0,AMD
20261001T035620_294224Z,extension,external6_H5_n200_d0p30_e1024,25,1,M6,220888517600,True,converged,4,0,0,7.15135442427736935126106854070e-1301,1.77577826454286375300969246787e-1301,13,8,4,20,8,1600,AMD
20261001T035620_294224Z,extension,external6_H5_n200_d0p30_e1024,26,0,M6,219530871400,True,converged,4,0,0,7.15135442427736935126106854070e-1301,1.77577826454286375300969246787e-1301,13,8,4,20,8,1600,AMD
20261001T035620_294224Z,extension,external6_H5_n200_d0p30_e1024,26,1,P5,221968874300,True,converged,4,3,3,0.0,0.0,21,4,4,23,0,0,AMD
20261001T035620_294224Z,extension,external6_H5_n200_d0p30_e1024,27,0,M6,221210955200,True,converged,4,0,0,7.15135442427736935126106854070e-1301,1.77577826454286375300969246787e-1301,13,8,4,20,8,1600,AMD
20261001T035620_294224Z,extension,external6_H5_n200_d0p30_e1024,27,1,P5,222014492400,True,converged,4,3,3,0.0,0.0,21,4,4,23,0,0,AMD
20261001T035620_294224Z,extension,external6_H5_n200_d0p30_e1024,28,0,M6,221004646000,True,converged,4,0,0,7.15135442427736935126106854070e-1301,1.77577826454286375300969246787e-1301,13,8,4,20,8,1600,AMD
20261001T035620_294224Z,extension,external6_H5_n200_d0p30_e1024,28,1,P5,221829114700,True,converged,4,3,3,0.0,0.0,21,4,4,23,0,0,AMD
20261001T035620_294224Z,extension,external6_H5_n200_d0p30_e1024,29,0,M6,219902106100,True,converged,4,0,0,7.15135442427736935126106854070e-1301,1.77577826454286375300969246787e-1301,13,8,4,20,8,1600,AMD
20261001T035620_294224Z,extension,external6_H5_n200_d0p30_e1024,29,1,P5,221463732900,True,converged,4,3,3,0.0,0.0,21,4,4,23,0,0,AMD
20261001T035620_294224Z,extension,external6_H5_n200_d0p30_e1024,30,0,P5,222310961600,True,converged,4,3,3,0.0,0.0,21,4,4,23,0,0,AMD
20261001T035620_294224Z,extension,external6_H5_n200_d0p30_e1024,30,1,M6,220913137800,True,converged,4,0,0,7.15135442427736935126106854070e-1301,1.77577826454286375300969246787e-1301,13,8,4,20,8,1600,AMD
20260928T165212_540641Z,initial,external8_H5_n200_d0p30_e50,0,0,P7,100899035100,True,converged,2,1,1,6.88550685651181499063698584982e-185,1.70637467829735100875541857810e-185,15,2,2,15,0,0,Intel
20260928T165212_540641Z,initial,external8_H5_n200_d0p30_e50,0,1,M8,160977117100,True,converged,2,0,0,9.60968789096113816155387564836e-157,2.45480855511593577346730635952e-157,7,4,4,8,0,81600,Intel
20260928T165212_540641Z,initial,external8_H5_n200_d0p30_e50,1,0,M8,161371792600,True,converged,2,0,0,9.60968789096113816155387564836e-157,2.45480855511593577346730635952e-157,7,4,4,8,0,81600,Intel
20260928T165212_540641Z,initial,external8_H5_n200_d0p30_e50,1,1,P7,100426055000,True,converged,2,1,1,6.88550685651181499063698584982e-185,1.70637467829735100875541857810e-185,15,2,2,15,0,0,Intel
20260928T165212_540641Z,initial,external8_H5_n200_d0p30_e50,2,0,M8,161225102200,True,converged,2,0,0,9.60968789096113816155387564836e-157,2.45480855511593577346730635952e-157,7,4,4,8,0,81600,Intel
20260928T165212_540641Z,initial,external8_H5_n200_d0p30_e50,2,1,P7,100705191000,True,converged,2,1,1,6.88550685651181499063698584982e-185,1.70637467829735100875541857810e-185,15,2,2,15,0,0,Intel
20260928T165212_540641Z,initial,external8_H5_n200_d0p30_e50,3,0,P7,100639111600,True,converged,2,1,1,6.88550685651181499063698584982e-185,1.70637467829735100875541857810e-185,15,2,2,15,0,0,Intel
20260928T165212_540641Z,initial,external8_H5_n200_d0p30_e50,3,1,M8,160771923700,True,converged,2,0,0,9.60968789096113816155387564836e-157,2.45480855511593577346730635952e-157,7,4,4,8,0,81600,Intel
20260928T165212_540641Z,initial,external8_H5_n200_d0p30_e50,4,0,M8,161158136600,True,converged,2,0,0,9.60968789096113816155387564836e-157,2.45480855511593577346730635952e-157,7,4,4,8,0,81600,Intel
20260928T165212_540641Z,initial,external8_H5_n200_d0p30_e50,4,1,P7,100541381300,True,converged,2,1,1,6.88550685651181499063698584982e-185,1.70637467829735100875541857810e-185,15,2,2,15,0,0,Intel
20260928T165212_540641Z,initial,external8_H5_n200_d0p30_e50,5,0,P7,100873199300,True,converged,2,1,1,6.88550685651181499063698584982e-185,1.70637467829735100875541857810e-185,15,2,2,15,0,0,Intel
20260928T165212_540641Z,initial,external8_H5_n200_d0p30_e50,5,1,M8,161245708200,True,converged,2,0,0,9.60968789096113816155387564836e-157,2.45480855511593577346730635952e-157,7,4,4,8,0,81600,Intel
20260928T165212_540641Z,initial,external8_H5_n200_d0p30_e50,6,0,M8,160723845000,True,converged,2,0,0,9.60968789096113816155387564836e-157,2.45480855511593577346730635952e-157,7,4,4,8,0,81600,Intel
20260928T165212_540641Z,initial,external8_H5_n200_d0p30_e50,6,1,P7,101008796600,True,converged,2,1,1,6.88550685651181499063698584982e-185,1.70637467829735100875541857810e-185,15,2,2,15,0,0,Intel
20260928T165212_540641Z,initial,external8_H5_n200_d0p30_e50,7,0,M8,160891710300,True,converged,2,0,0,9.60968789096113816155387564836e-157,2.45480855511593577346730635952e-157,7,4,4,8,0,81600,Intel
20260928T165212_540641Z,initial,external8_H5_n200_d0p30_e50,7,1,P7,100383046500,True,converged,2,1,1,6.88550685651181499063698584982e-185,1.70637467829735100875541857810e-185,15,2,2,15,0,0,Intel
20260928T165212_540641Z,initial,external8_H5_n200_d0p30_e50,8,0,P7,100756069800,True,converged,2,1,1,6.88550685651181499063698584982e-185,1.70637467829735100875541857810e-185,15,2,2,15,0,0,Intel
20260928T165212_540641Z,initial,external8_H5_n200_d0p30_e50,8,1,M8,161073769200,True,converged,2,0,0,9.60968789096113816155387564836e-157,2.45480855511593577346730635952e-157,7,4,4,8,0,81600,Intel
20260928T165212_540641Z,initial,external8_H5_n200_d0p30_e50,9,0,P7,100654932500,True,converged,2,1,1,6.88550685651181499063698584982e-185,1.70637467829735100875541857810e-185,15,2,2,15,0,0,Intel
20260928T165212_540641Z,initial,external8_H5_n200_d0p30_e50,9,1,M8,161553377400,True,converged,2,0,0,9.60968789096113816155387564836e-157,2.45480855511593577346730635952e-157,7,4,4,8,0,81600,Intel
20260928T165212_540641Z,initial,external8_H5_n200_d0p30_e50,10,0,M8,160613493400,True,converged,2,0,0,9.60968789096113816155387564836e-157,2.45480855511593577346730635952e-157,7,4,4,8,0,81600,Intel
20260928T165212_540641Z,initial,external8_H5_n200_d0p30_e50,10,1,P7,101079690700,True,converged,2,1,1,6.88550685651181499063698584982e-185,1.70637467829735100875541857810e-185,15,2,2,15,0,0,Intel
20260928T165212_540641Z,initial,external8_H5_n200_d0p30_e50,11,0,P7,100402754200,True,converged,2,1,1,6.88550685651181499063698584982e-185,1.70637467829735100875541857810e-185,15,2,2,15,0,0,Intel
20260928T165212_540641Z,initial,external8_H5_n200_d0p30_e50,11,1,M8,161007153900,True,converged,2,0,0,9.60968789096113816155387564836e-157,2.45480855511593577346730635952e-157,7,4,4,8,0,81600,Intel
20260928T165212_540641Z,initial,external8_H5_n200_d0p30_e50,12,0,M8,161825489500,True,converged,2,0,0,9.60968789096113816155387564836e-157,2.45480855511593577346730635952e-157,7,4,4,8,0,81600,Intel
20260928T165212_540641Z,initial,external8_H5_n200_d0p30_e50,12,1,P7,100345039700,True,converged,2,1,1,6.88550685651181499063698584982e-185,1.70637467829735100875541857810e-185,15,2,2,15,0,0,Intel
20260928T165212_540641Z,initial,external8_H5_n200_d0p30_e50,13,0,P7,100747357900,True,converged,2,1,1,6.88550685651181499063698584982e-185,1.70637467829735100875541857810e-185,15,2,2,15,0,0,Intel
20260928T165212_540641Z,initial,external8_H5_n200_d0p30_e50,13,1,M8,161501997400,True,converged,2,0,0,9.60968789096113816155387564836e-157,2.45480855511593577346730635952e-157,7,4,4,8,0,81600,Intel
20260928T165212_540641Z,initial,external8_H5_n200_d0p30_e50,14,0,M8,161963140400,True,converged,2,0,0,9.60968789096113816155387564836e-157,2.45480855511593577346730635952e-157,7,4,4,8,0,81600,Intel
20260928T165212_540641Z,initial,external8_H5_n200_d0p30_e50,14,1,P7,100936413500,True,converged,2,1,1,6.88550685651181499063698584982e-185,1.70637467829735100875541857810e-185,15,2,2,15,0,0,Intel
20260928T182223_027816Z,initial,external8_H5_n200_d0p30_e200,0,0,P7,147639043400,True,converged,3,2,2,0.0,0.0,22,3,3,23,0,0,Intel
20260928T182223_027816Z,initial,external8_H5_n200_d0p30_e200,0,1,M8,241388824300,True,converged,3,0,0,3.18481027489361404241537666477e-1266,8.04596620056684959828103635503e-1267,10,6,6,12,0,122400,Intel
20260928T182223_027816Z,initial,external8_H5_n200_d0p30_e200,1,0,M8,240842519000,True,converged,3,0,0,3.18481027489361404241537666477e-1266,8.04596620056684959828103635503e-1267,10,6,6,12,0,122400,Intel
20260928T182223_027816Z,initial,external8_H5_n200_d0p30_e200,1,1,P7,147764379900,True,converged,3,2,2,0.0,0.0,22,3,3,23,0,0,Intel
20260928T182223_027816Z,initial,external8_H5_n200_d0p30_e200,2,0,P7,147489071600,True,converged,3,2,2,0.0,0.0,22,3,3,23,0,0,Intel
20260928T182223_027816Z,initial,external8_H5_n200_d0p30_e200,2,1,M8,241838709500,True,converged,3,0,0,3.18481027489361404241537666477e-1266,8.04596620056684959828103635503e-1267,10,6,6,12,0,122400,Intel
20260928T182223_027816Z,initial,external8_H5_n200_d0p30_e200,3,0,P7,148049994000,True,converged,3,2,2,0.0,0.0,22,3,3,23,0,0,Intel
20260928T182223_027816Z,initial,external8_H5_n200_d0p30_e200,3,1,M8,241779033400,True,converged,3,0,0,3.18481027489361404241537666477e-1266,8.04596620056684959828103635503e-1267,10,6,6,12,0,122400,Intel
20260928T182223_027816Z,initial,external8_H5_n200_d0p30_e200,4,0,M8,241707822700,True,converged,3,0,0,3.18481027489361404241537666477e-1266,8.04596620056684959828103635503e-1267,10,6,6,12,0,122400,Intel
20260928T182223_027816Z,initial,external8_H5_n200_d0p30_e200,4,1,P7,147643502800,True,converged,3,2,2,0.0,0.0,22,3,3,23,0,0,Intel
20260928T182223_027816Z,initial,external8_H5_n200_d0p30_e200,5,0,P7,147891117600,True,converged,3,2,2,0.0,0.0,22,3,3,23,0,0,Intel
20260928T182223_027816Z,initial,external8_H5_n200_d0p30_e200,5,1,M8,241811744500,True,converged,3,0,0,3.18481027489361404241537666477e-1266,8.04596620056684959828103635503e-1267,10,6,6,12,0,122400,Intel
20260928T182223_027816Z,initial,external8_H5_n200_d0p30_e200,6,0,P7,148261866600,True,converged,3,2,2,0.0,0.0,22,3,3,23,0,0,Intel
20260928T182223_027816Z,initial,external8_H5_n200_d0p30_e200,6,1,M8,241572181100,True,converged,3,0,0,3.18481027489361404241537666477e-1266,8.04596620056684959828103635503e-1267,10,6,6,12,0,122400,Intel
20260928T182223_027816Z,initial,external8_H5_n200_d0p30_e200,7,0,P7,148071216600,True,converged,3,2,2,0.0,0.0,22,3,3,23,0,0,Intel
20260928T182223_027816Z,initial,external8_H5_n200_d0p30_e200,7,1,M8,241791998900,True,converged,3,0,0,3.18481027489361404241537666477e-1266,8.04596620056684959828103635503e-1267,10,6,6,12,0,122400,Intel
20260928T182223_027816Z,initial,external8_H5_n200_d0p30_e200,8,0,M8,242288716600,True,converged,3,0,0,3.18481027489361404241537666477e-1266,8.04596620056684959828103635503e-1267,10,6,6,12,0,122400,Intel
20260928T182223_027816Z,initial,external8_H5_n200_d0p30_e200,8,1,P7,147730865400,True,converged,3,2,2,0.0,0.0,22,3,3,23,0,0,Intel
20260928T182223_027816Z,initial,external8_H5_n200_d0p30_e200,9,0,M8,242283371400,True,converged,3,0,0,3.18481027489361404241537666477e-1266,8.04596620056684959828103635503e-1267,10,6,6,12,0,122400,Intel
20260928T182223_027816Z,initial,external8_H5_n200_d0p30_e200,9,1,P7,148041299300,True,converged,3,2,2,0.0,0.0,22,3,3,23,0,0,Intel
20260928T182223_027816Z,initial,external8_H5_n200_d0p30_e200,10,0,M8,241845383600,True,converged,3,0,0,3.18481027489361404241537666477e-1266,8.04596620056684959828103635503e-1267,10,6,6,12,0,122400,Intel
20260928T182223_027816Z,initial,external8_H5_n200_d0p30_e200,10,1,P7,148086347200,True,converged,3,2,2,0.0,0.0,22,3,3,23,0,0,Intel
20260928T182223_027816Z,initial,external8_H5_n200_d0p30_e200,11,0,P7,148090686300,True,converged,3,2,2,0.0,0.0,22,3,3,23,0,0,Intel
20260928T182223_027816Z,initial,external8_H5_n200_d0p30_e200,11,1,M8,241713100200,True,converged,3,0,0,3.18481027489361404241537666477e-1266,8.04596620056684959828103635503e-1267,10,6,6,12,0,122400,Intel
20260928T182223_027816Z,initial,external8_H5_n200_d0p30_e200,12,0,P7,148297536900,True,converged,3,2,2,0.0,0.0,22,3,3,23,0,0,Intel
20260928T182223_027816Z,initial,external8_H5_n200_d0p30_e200,12,1,M8,242044997000,True,converged,3,0,0,3.18481027489361404241537666477e-1266,8.04596620056684959828103635503e-1267,10,6,6,12,0,122400,Intel
20260928T182223_027816Z,initial,external8_H5_n200_d0p30_e200,13,0,P7,148012775200,True,converged,3,2,2,0.0,0.0,22,3,3,23,0,0,Intel
20260928T182223_027816Z,initial,external8_H5_n200_d0p30_e200,13,1,M8,241961033800,True,converged,3,0,0,3.18481027489361404241537666477e-1266,8.04596620056684959828103635503e-1267,10,6,6,12,0,122400,Intel
20260928T182223_027816Z,initial,external8_H5_n200_d0p30_e200,14,0,M8,241180353900,True,converged,3,0,0,3.18481027489361404241537666477e-1266,8.04596620056684959828103635503e-1267,10,6,6,12,0,122400,Intel
20260928T182223_027816Z,initial,external8_H5_n200_d0p30_e200,14,1,P7,148455838300,True,converged,3,2,2,0.0,0.0,22,3,3,23,0,0,Intel
20260928T203613_614288Z,initial,external8_H5_n200_d0p30_e800,0,0,M8,240555375800,True,converged,3,0,0,3.18481027489361404241537666477e-1266,8.04596620056684959828103635503e-1267,10,6,6,12,0,122400,Intel
20260928T203613_614288Z,initial,external8_H5_n200_d0p30_e800,0,1,P7,148502388700,True,converged,3,2,2,0.0,0.0,22,3,3,23,0,0,Intel
20260928T203613_614288Z,initial,external8_H5_n200_d0p30_e800,1,0,M8,241252923500,True,converged,3,0,0,3.18481027489361404241537666477e-1266,8.04596620056684959828103635503e-1267,10,6,6,12,0,122400,Intel
20260928T203613_614288Z,initial,external8_H5_n200_d0p30_e800,1,1,P7,147530948900,True,converged,3,2,2,0.0,0.0,22,3,3,23,0,0,Intel
20260928T203613_614288Z,initial,external8_H5_n200_d0p30_e800,2,0,P7,148200368100,True,converged,3,2,2,0.0,0.0,22,3,3,23,0,0,Intel
20260928T203613_614288Z,initial,external8_H5_n200_d0p30_e800,2,1,M8,243147682900,True,converged,3,0,0,3.18481027489361404241537666477e-1266,8.04596620056684959828103635503e-1267,10,6,6,12,0,122400,Intel
20260928T203613_614288Z,initial,external8_H5_n200_d0p30_e800,3,0,M8,241932811400,True,converged,3,0,0,3.18481027489361404241537666477e-1266,8.04596620056684959828103635503e-1267,10,6,6,12,0,122400,Intel
20260928T203613_614288Z,initial,external8_H5_n200_d0p30_e800,3,1,P7,147847107700,True,converged,3,2,2,0.0,0.0,22,3,3,23,0,0,Intel
20260928T203613_614288Z,initial,external8_H5_n200_d0p30_e800,4,0,M8,241873617200,True,converged,3,0,0,3.18481027489361404241537666477e-1266,8.04596620056684959828103635503e-1267,10,6,6,12,0,122400,Intel
20260928T203613_614288Z,initial,external8_H5_n200_d0p30_e800,4,1,P7,147692833800,True,converged,3,2,2,0.0,0.0,22,3,3,23,0,0,Intel
20260928T203613_614288Z,initial,external8_H5_n200_d0p30_e800,5,0,P7,148448859300,True,converged,3,2,2,0.0,0.0,22,3,3,23,0,0,Intel
20260928T203613_614288Z,initial,external8_H5_n200_d0p30_e800,5,1,M8,241605647100,True,converged,3,0,0,3.18481027489361404241537666477e-1266,8.04596620056684959828103635503e-1267,10,6,6,12,0,122400,Intel
20260928T203613_614288Z,initial,external8_H5_n200_d0p30_e800,6,0,M8,241524558500,True,converged,3,0,0,3.18481027489361404241537666477e-1266,8.04596620056684959828103635503e-1267,10,6,6,12,0,122400,Intel
20260928T203613_614288Z,initial,external8_H5_n200_d0p30_e800,6,1,P7,147898461100,True,converged,3,2,2,0.0,0.0,22,3,3,23,0,0,Intel
20260928T203613_614288Z,initial,external8_H5_n200_d0p30_e800,7,0,P7,147812524300,True,converged,3,2,2,0.0,0.0,22,3,3,23,0,0,Intel
20260928T203613_614288Z,initial,external8_H5_n200_d0p30_e800,7,1,M8,241356312800,True,converged,3,0,0,3.18481027489361404241537666477e-1266,8.04596620056684959828103635503e-1267,10,6,6,12,0,122400,Intel
20260928T203613_614288Z,initial,external8_H5_n200_d0p30_e800,8,0,P7,147974655800,True,converged,3,2,2,0.0,0.0,22,3,3,23,0,0,Intel
20260928T203613_614288Z,initial,external8_H5_n200_d0p30_e800,8,1,M8,242267666800,True,converged,3,0,0,3.18481027489361404241537666477e-1266,8.04596620056684959828103635503e-1267,10,6,6,12,0,122400,Intel
20260928T203613_614288Z,initial,external8_H5_n200_d0p30_e800,9,0,M8,240722037600,True,converged,3,0,0,3.18481027489361404241537666477e-1266,8.04596620056684959828103635503e-1267,10,6,6,12,0,122400,Intel
20260928T203613_614288Z,initial,external8_H5_n200_d0p30_e800,9,1,P7,148430440500,True,converged,3,2,2,0.0,0.0,22,3,3,23,0,0,Intel
20260928T203613_614288Z,initial,external8_H5_n200_d0p30_e800,10,0,P7,148943876100,True,converged,3,2,2,0.0,0.0,22,3,3,23,0,0,Intel
20260928T203613_614288Z,initial,external8_H5_n200_d0p30_e800,10,1,M8,241773695400,True,converged,3,0,0,3.18481027489361404241537666477e-1266,8.04596620056684959828103635503e-1267,10,6,6,12,0,122400,Intel
20260928T203613_614288Z,initial,external8_H5_n200_d0p30_e800,11,0,P7,147521510700,True,converged,3,2,2,0.0,0.0,22,3,3,23,0,0,Intel
20260928T203613_614288Z,initial,external8_H5_n200_d0p30_e800,11,1,M8,243113575800,True,converged,3,0,0,3.18481027489361404241537666477e-1266,8.04596620056684959828103635503e-1267,10,6,6,12,0,122400,Intel
20260928T203613_614288Z,initial,external8_H5_n200_d0p30_e800,12,0,M8,242204341500,True,converged,3,0,0,3.18481027489361404241537666477e-1266,8.04596620056684959828103635503e-1267,10,6,6,12,0,122400,Intel
20260928T203613_614288Z,initial,external8_H5_n200_d0p30_e800,12,1,P7,147538935300,True,converged,3,2,2,0.0,0.0,22,3,3,23,0,0,Intel
20260928T203613_614288Z,initial,external8_H5_n200_d0p30_e800,13,0,P7,147857026000,True,converged,3,2,2,0.0,0.0,22,3,3,23,0,0,Intel
20260928T203613_614288Z,initial,external8_H5_n200_d0p30_e800,13,1,M8,241762238100,True,converged,3,0,0,3.18481027489361404241537666477e-1266,8.04596620056684959828103635503e-1267,10,6,6,12,0,122400,Intel
20260928T203613_614288Z,initial,external8_H5_n200_d0p30_e800,14,0,M8,241641577900,True,converged,3,0,0,3.18481027489361404241537666477e-1266,8.04596620056684959828103635503e-1267,10,6,6,12,0,122400,Intel
20260928T203613_614288Z,initial,external8_H5_n200_d0p30_e800,14,1,P7,148099497000,True,converged,3,2,2,0.0,0.0,22,3,3,23,0,0,Intel
20260928T225004_276340Z,initial,external8_H5_n200_d0p30_e1024,0,0,M8,240312354300,True,converged,3,0,0,3.18481027489361404241537666477e-1266,8.04596620056684959828103635503e-1267,10,6,6,12,0,122400,Intel
20260928T225004_276340Z,initial,external8_H5_n200_d0p30_e1024,0,1,P7,146929739600,True,converged,3,2,2,0.0,0.0,22,3,3,23,0,0,Intel
20260928T225004_276340Z,initial,external8_H5_n200_d0p30_e1024,1,0,M8,241651476500,True,converged,3,0,0,3.18481027489361404241537666477e-1266,8.04596620056684959828103635503e-1267,10,6,6,12,0,122400,Intel
20260928T225004_276340Z,initial,external8_H5_n200_d0p30_e1024,1,1,P7,147781827800,True,converged,3,2,2,0.0,0.0,22,3,3,23,0,0,Intel
20260928T225004_276340Z,initial,external8_H5_n200_d0p30_e1024,2,0,P7,148493840700,True,converged,3,2,2,0.0,0.0,22,3,3,23,0,0,Intel
20260928T225004_276340Z,initial,external8_H5_n200_d0p30_e1024,2,1,M8,241740145700,True,converged,3,0,0,3.18481027489361404241537666477e-1266,8.04596620056684959828103635503e-1267,10,6,6,12,0,122400,Intel
20260928T225004_276340Z,initial,external8_H5_n200_d0p30_e1024,3,0,M8,242090550300,True,converged,3,0,0,3.18481027489361404241537666477e-1266,8.04596620056684959828103635503e-1267,10,6,6,12,0,122400,Intel
20260928T225004_276340Z,initial,external8_H5_n200_d0p30_e1024,3,1,P7,148996736600,True,converged,3,2,2,0.0,0.0,22,3,3,23,0,0,Intel
20260928T225004_276340Z,initial,external8_H5_n200_d0p30_e1024,4,0,P7,149355914400,True,converged,3,2,2,0.0,0.0,22,3,3,23,0,0,Intel
20260928T225004_276340Z,initial,external8_H5_n200_d0p30_e1024,4,1,M8,243090036000,True,converged,3,0,0,3.18481027489361404241537666477e-1266,8.04596620056684959828103635503e-1267,10,6,6,12,0,122400,Intel
20260928T225004_276340Z,initial,external8_H5_n200_d0p30_e1024,5,0,M8,241748945100,True,converged,3,0,0,3.18481027489361404241537666477e-1266,8.04596620056684959828103635503e-1267,10,6,6,12,0,122400,Intel
20260928T225004_276340Z,initial,external8_H5_n200_d0p30_e1024,5,1,P7,148653651200,True,converged,3,2,2,0.0,0.0,22,3,3,23,0,0,Intel
20260928T225004_276340Z,initial,external8_H5_n200_d0p30_e1024,6,0,M8,241024480900,True,converged,3,0,0,3.18481027489361404241537666477e-1266,8.04596620056684959828103635503e-1267,10,6,6,12,0,122400,Intel
20260928T225004_276340Z,initial,external8_H5_n200_d0p30_e1024,6,1,P7,148407720200,True,converged,3,2,2,0.0,0.0,22,3,3,23,0,0,Intel
20260928T225004_276340Z,initial,external8_H5_n200_d0p30_e1024,7,0,M8,242394578700,True,converged,3,0,0,3.18481027489361404241537666477e-1266,8.04596620056684959828103635503e-1267,10,6,6,12,0,122400,Intel
20260928T225004_276340Z,initial,external8_H5_n200_d0p30_e1024,7,1,P7,148628784900,True,converged,3,2,2,0.0,0.0,22,3,3,23,0,0,Intel
20260928T225004_276340Z,initial,external8_H5_n200_d0p30_e1024,8,0,M8,242844883500,True,converged,3,0,0,3.18481027489361404241537666477e-1266,8.04596620056684959828103635503e-1267,10,6,6,12,0,122400,Intel
20260928T225004_276340Z,initial,external8_H5_n200_d0p30_e1024,8,1,P7,148479340700,True,converged,3,2,2,0.0,0.0,22,3,3,23,0,0,Intel
20260928T225004_276340Z,initial,external8_H5_n200_d0p30_e1024,9,0,P7,148133959900,True,converged,3,2,2,0.0,0.0,22,3,3,23,0,0,Intel
20260928T225004_276340Z,initial,external8_H5_n200_d0p30_e1024,9,1,M8,242021666000,True,converged,3,0,0,3.18481027489361404241537666477e-1266,8.04596620056684959828103635503e-1267,10,6,6,12,0,122400,Intel
20260928T225004_276340Z,initial,external8_H5_n200_d0p30_e1024,10,0,M8,241758091600,True,converged,3,0,0,3.18481027489361404241537666477e-1266,8.04596620056684959828103635503e-1267,10,6,6,12,0,122400,Intel
20260928T225004_276340Z,initial,external8_H5_n200_d0p30_e1024,10,1,P7,147969040800,True,converged,3,2,2,0.0,0.0,22,3,3,23,0,0,Intel
20260928T225004_276340Z,initial,external8_H5_n200_d0p30_e1024,11,0,P7,149047408100,True,converged,3,2,2,0.0,0.0,22,3,3,23,0,0,Intel
20260928T225004_276340Z,initial,external8_H5_n200_d0p30_e1024,11,1,M8,241634711200,True,converged,3,0,0,3.18481027489361404241537666477e-1266,8.04596620056684959828103635503e-1267,10,6,6,12,0,122400,Intel
20260928T225004_276340Z,initial,external8_H5_n200_d0p30_e1024,12,0,P7,148971985800,True,converged,3,2,2,0.0,0.0,22,3,3,23,0,0,Intel
20260928T225004_276340Z,initial,external8_H5_n200_d0p30_e1024,12,1,M8,241880266500,True,converged,3,0,0,3.18481027489361404241537666477e-1266,8.04596620056684959828103635503e-1267,10,6,6,12,0,122400,Intel
20260928T225004_276340Z,initial,external8_H5_n200_d0p30_e1024,13,0,P7,148565415100,True,converged,3,2,2,0.0,0.0,22,3,3,23,0,0,Intel
20260928T225004_276340Z,initial,external8_H5_n200_d0p30_e1024,13,1,M8,240951123300,True,converged,3,0,0,3.18481027489361404241537666477e-1266,8.04596620056684959828103635503e-1267,10,6,6,12,0,122400,Intel
20260928T225004_276340Z,initial,external8_H5_n200_d0p30_e1024,14,0,P7,148271382100,True,converged,3,2,2,0.0,0.0,22,3,3,23,0,0,Intel
20260928T225004_276340Z,initial,external8_H5_n200_d0p30_e1024,14,1,M8,241097405900,True,converged,3,0,0,3.18481027489361404241537666477e-1266,8.04596620056684959828103635503e-1267,10,6,6,12,0,122400,Intel
